filename,score,row_idx,group,title,artist,url_slug,genres,styles,tags,width,height
candidate_001_expressionism_fleurs_a_still_life_with_flowers_1926.jpg,21.456,7112,expressionism,Fleurs: a still life with flowers,Constant Permeke,fleurs-a-still-life-with-flowers-1926,flower painting,Expressionism,Still life photography; Flower; Plant; Cut flowers; Garden roses,388,512
candidate_002_surrealism_datura_flowers_1957.jpg,20.9,51972,surrealism,Datura Flowers,Graham Sutherland,datura-flowers-1957,figurative; flower painting,Expressionism,Plant,488,600
candidate_003_expressionism_carnation_in_a_blue_vase_1993.jpg,18.829,6588,expressionism,Carnation in a Blue Vase,Maria Bozoky,carnation-in-a-blue-vase-1993,still life; flower painting,Expressionism,flowers-and-plants; Still life photography; Pink,439,600
candidate_004_symbolism_asters_in_a_vase_1875.jpg,17.99,57071,symbolism,Asters in a Vase,Henri Fantin-Latour,asters-in-a-vase-1875,flower painting,Realism,Flower; Bouquet; Cut flowers; Still life photography; Plant; Flowerpot; Flower Arranging; Flowering plant,600,582
candidate_005_symbolism_autumn_flowers_1861.jpg,17.9,57073,symbolism,Autumn Flowers,Henri Fantin-Latour,autumn-flowers-1861,flower painting,Realism,Still life photography; Flower; Bouquet; Plant,476,600
candidate_006_symbolism_bouquet_of_flowers_1860.jpg,17.32,57086,symbolism,Bouquet of Flowers,Henri Fantin-Latour,bouquet-of-flowers-1860,flower painting,Realism,Bouquet; Still life photography; Flower; Cut flowers; Plant; Floristry; Flower Arranging,465,600
candidate_007_impressionism_vase_d_anemones_citrons_et_panier_sur_la_table.jpg,17.225,12497,impressionism,"Vase d'anemones, citrons et panier sur la table",Andre Dunoyer de Segonzac,vase-d-anemones-citrons-et-panier-sur-la-table,still life,Post-Impressionism,Flowerpot; Flower; Plant; Still life photography,570,417
candidate_008_surrealism_apples_and_scales_1957.jpg,17.1,51958,surrealism,Apples and Scales,Graham Sutherland,apples-and-scales-1957,still life,Expressionism; Neo-Romanticism,Leaf; Botany; Plant; Flower,390,600
candidate_009_symbolism_asters_and_fruit_on_a_table_1868.jpg,17.1,57070,symbolism,Asters and Fruit on a Table,Henri Fantin-Latour,asters-and-fruit-on-a-table-1868,still life,Realism,Still life photography; Cut flowers; Plant; Bouquet; Flower,600,600
candidate_010_symbolism_still_life_with_carnations_1925.jpg,16.9,55807,symbolism,Still Life with Carnations,Cuno Amiet,still-life-with-carnations-1925,flower painting,Expressionism,Botany; Plant; Flower,425,512
candidate_011_symbolism_broom_and_other_spring_flowers_in_a_vase_1882.jpg,16.85,57096,symbolism,Broom and Other Spring Flowers in a Vase,Henri Fantin-Latour,broom-and-other-spring-flowers-in-a-vase-1882,flower painting,Realism,Still life photography; Plant; Flower; Tree; Brown; Botany,453,600
candidate_012_symbolism_portrait_of_a_woman_1899.jpg,16.6,56843,symbolism,Portrait of a Woman,Gustav Klimt,portrait-of-a-woman-1899,portrait,Symbolism,female-portraits; Face; Head; Human; Eye,463,600
candidate_013_symbolism_bouquet_of_flowers_pansies_1883.jpg,16.59,57087,symbolism,Bouquet of Flowers Pansies,Henri Fantin-Latour,bouquet-of-flowers-pansies-1883,flower painting,Realism,Bouquet; Still life photography; Flower; Cut flowers; Floral design; Plant; Floristry; Flower Arranging,700,600
candidate_014_impressionism_pipkin_with_flowers.jpg,16.414,11885,impressionism,Pipkin with Flowers,Adam Baltatu,pipkin-with-flowers,flower painting,Impressionism,Flower; Bouquet; Still life photography; Cut flowers; Plant; Flowerpot; Botany,434,600
candidate_015_impressionism_pipkin_with_field_flowers.jpg,16.414,11884,impressionism,Pipkin with Field Flowers,Adam Baltatu,pipkin-with-field-flowers,flower painting,Impressionism,Still life photography; Bouquet; Flower; Plant; Chrysanths; Flowerpot; Cut flowers,441,556
candidate_016_surrealism_bird_over_sand_1975.jpg,16.3,51961,surrealism,Bird over Sand,Graham Sutherland,bird-over-sand-1975,figurative; animal painting,Expressionism; Surrealism,Bird,550,600
candidate_017_symbolism_what_are_flowers_saing_1893.jpg,16.3,56267,symbolism,What the Flowers Say,Ferdinand Hodler,what-are-flowers-saing-1893,symbolic painting,Art Nouveau (Modern); Symbolism,allegories-and-symbols; lonely figures,295,600
candidate_018_expressionism_primitive_heads_1924.jpg,16.157,7131,expressionism,Primitive heads,Constant Permeke,primitive-heads-1924,still life,Expressionism,Head; Headgear,447,570
candidate_019_surrealism_surrealistic_gouache.jpg,16.1,51953,surrealism,Surrealistic Gouache,Grace Pailthorpe,surrealistic-gouache,figurative; abstract,Surrealism; Abstract Art,Orange,750,553
candidate_020_surrealism_vuelo_de_medianoche_1936.jpg,16.1,51955,surrealism,Vuelo De Medianoche,Grace Pailthorpe,vuelo-de-medianoche-1936,figurative; abstract,Surrealism,Sea snail; Cephalopod,750,591
candidate_021_symbolism_bouquet_of_peonies_and_iris_1884.jpg,16.05,57089,symbolism,Bouquet of Peonies and Iris,Henri Fantin-Latour,bouquet-of-peonies-and-iris-1884,flower painting,Realism,Still life photography; Flower; Bouquet; Plant; Cut flowers; Flowering plant,483,600
candidate_022_expressionism_flowers_and_fish_1919.jpg,15.949,6982,expressionism,Flowers and Fish,Chaim Soutine,flowers-and-fish-1919,still life,Expressionism,flowers-and-plants; food-and-beverages,459,600
candidate_023_surrealism_william_maxwell_aitken_1st_baron_beaverbrook_1952.jpg,15.8,52065,surrealism,"William Maxwell Aitken, 1st Baron Beaverbrook",Graham Sutherland,william-maxwell-aitken-1st-baron-beaverbrook-1952,portrait,Expressionism,Face; Forehead; Head; Chin,465,600
candidate_024_symbolism_basket_of_flowers_1892.jpg,15.72,57076,symbolism,Basket of Flowers,Henri Fantin-Latour,basket-of-flowers-1892,flower painting,Realism,Still life photography; Bouquet; Garden roses; Cut flowers; Flower; Plant; Floristry,750,579
candidate_025_surrealism_head_ii_1951.jpg,15.6,51996,surrealism,Head II,Graham Sutherland,head-ii-1951,figurative,Expressionism; Surrealism,,504,600
candidate_026_surrealism_thorn_head_1947.jpg,15.6,52051,surrealism,Thorn Head,Graham Sutherland,thorn-head-1947,figurative,Expressionism; Surrealism,,584,600
candidate_027_impressionism_nature_morte_de_fleurs_et_fruits.jpg,15.574,12482,impressionism,Nature morte de fleurs et fruits,Andre Dunoyer de Segonzac,nature-morte-de-fleurs-et-fruits,still life,Impressionism,Still life photography; Flower; Bouquet; Plant; Cut flowers; Flowerpot,512,375
candidate_028_expressionism_untitled.jpg,15.542,6435,expressionism,Untitled,August Macke,untitled,still life,Expressionism,flowers-and-plants; Still life photography; Flower; Bouquet; Flowerpot; Plant; Vase,427,600
candidate_029_surrealism_dahlia_1945.jpg,15.5,51214,surrealism,Dahlia,Edward Wadsworth,dahlia-1945,flower painting,Abstract Art; Surrealism,Flower; Plant,624,520
candidate_030_surrealism_trois_masques_1933.jpg,15.5,51575,surrealism,Trois Masques,Felix Labisse,trois-masques-1933,symbolic painting,Surrealism,Face; Head; Nose,580,442
candidate_031_surrealism_guide_rose_huit_jours_tr_baumec.jpg,15.5,51837,surrealism,Guide Rose: Huit jours à Trébaumec,Georges Hugnet,guide-rose-huit-jours-tr-baumec,figurative,Dada; Surrealism,Leg; Arm; Joint; Human; Human body,327,448
candidate_032_surrealism_le_gulzipian_from_la_vie_amoureuse_des_spumif_res_1948.jpg,15.5,51849,surrealism,Le Gulzipian (from La Vie Amoureuse des Spumifères),Georges Hugnet,le-gulzipian-from-la-vie-amoureuse-des-spumif-res-1948,figurative,Dada; Surrealism,Male; Human; Human body; Organism,317,500
candidate_033_symbolism_my_heart_cries_for_the_past_1889.jpg,15.5,56321,symbolism,My Heart Cries for the Past,Fernand Khnopff,my-heart-cries-for-the-past-1889,symbolic painting,Art Nouveau (Modern); Symbolism,Nose; Cheek; Head; Forehead; Eye,498,600
candidate_034_impressionism_geraniums.jpg,15.465,13306,impressionism,Geraniums,Childe Hassam,geraniums,flower painting,Impressionism,flowers-and-plants; Flower; Still life photography; Plant,427,600
candidate_035_impressionism_bouquet_of_flowers_1875.jpg,15.402,12033,impressionism,Bouquet of Flowers,Alfred Sisley,bouquet-of-flowers-1875,still life,Impressionism,flowers-and-plants; Still life photography,458,600
candidate_036_surrealism_work_nr_217_elp_i_brain_salad_surgery_1973.jpg,15.4,52127,surrealism,Work Nr. 217 ELP I (Brain Salad Surgery),H.R. Giger,work-nr-217-elp-i-brain-salad-surgery-1973,symbolic painting,Fantastic Realism,Face; Forehead; Head; Nose; Eye,392,400
candidate_037_surrealism_a_girl_selling_flowers_1946.jpg,15.3,51093,surrealism,A Girl Selling Flowers,Desmond Morris,a-girl-selling-flowers-1946,figurative,Surrealism,,481,400
candidate_038_surrealism_composition_with_two_figures.jpg,15.3,51341,surrealism,Composition with two figures,Enrico Baj,composition-with-two-figures,figurative,Art Informel; Surrealism,,460,326
candidate_039_surrealism_untitled_1938.jpg,15.3,51954,surrealism,Untitled,Grace Pailthorpe,untitled-1938,figurative; abstract,Surrealism; Abstract Art,Organism,329,600
candidate_040_symbolism_still_life_with_lemons_1910.jpg,15.2,55809,symbolism,Still Life with Lemons,Cuno Amiet,still-life-with-lemons-1910,still life,Post-Impressionism,Flower; Plant,500,550
candidate_041_symbolism_portrait_of_a_lady_unfinished_1918.jpg,15.0,56838,symbolism,Portrait of a Lady (unfinished),Gustav Klimt,portrait-of-a-lady-unfinished-1918,portrait,Symbolism,female-portraits; Sketch; Face; Fashion illustration; Figure drawing,498,600
candidate_042_symbolism_bouquet_of_diverse_flowers_1881.jpg,14.99,57085,symbolism,Bouquet of Diverse Flowers,Henri Fantin-Latour,bouquet-of-diverse-flowers-1881,flower painting,Realism,Still life photography; Flower; Bouquet; Cut flowers; Garden roses; Floristry; Flower Arranging; Floral design,750,576
candidate_043_symbolism_bouquet_of_roses_and_other_flowers_1889.jpg,14.99,57091,symbolism,Bouquet of Roses and Other Flowers,Henri Fantin-Latour,bouquet-of-roses-and-other-flowers-1889,flower painting,Realism,Flower; Garden roses; Still life photography; Bouquet; Cut flowers; Plant; Floristry; Rose,741,600
candidate_044_surrealism_untitled_abstract_composition_1964.jpg,14.9,50632,surrealism,Untitled (Abstract Composition),Alexander Boghossian,untitled-abstract-composition-1964,abstract,Surrealism,,388,550
candidate_045_symbolism_portrait_of_a_lady.jpg,14.9,56839,symbolism,Portrait of a lady,Gustav Klimt,portrait-of-a-lady,portrait,Realism,female-portraits; Face; Head; Chin; Forehead,438,600
candidate_046_impressionism_dahlias.jpg,14.865,12898,impressionism,Dahlias,Berthe Morisot,dahlias,flower painting,Impressionism,flowers-and-plants; Still life photography; Cut flowers; Bouquet; Flower; Flowerpot; Plant,726,600
candidate_047_symbolism_self_portrait_c_1893.jpg,14.7,55849,symbolism,Self-portrait,Eugene Carriere,self-portrait-c-1893,self-portrait,Symbolism,Face; Head; Chin,488,599
candidate_048_surrealism_still_life_1926.jpg,14.6,51248,surrealism,Still Life,Edward Wadsworth,still-life-1926,still life,Surrealism,Still life photography,451,600
candidate_049_expressionism_a_still_life_with_vegetables.jpg,14.555,7107,expressionism,A still life with vegetables,Constant Permeke,a-still-life-with-vegetables,still life,Expressionism,Still life photography; Fruit,512,375
candidate_050_expressionism_still_life_with_fruits_1911.jpg,14.411,6219,expressionism,Still Life with Fruits,Arthur Segal,still-life-with-fruits-1911,still life,Post-Impressionism,Pomegranate; Fruit; Still life photography; Apple; Plant,640,449
candidate_051_expressionism_still_life_with_bottles_1943.jpg,14.411,6217,expressionism,Still Life with Bottles,Arthur Segal,still-life-with-bottles-1943,still life,Realism,Bottle; Glass bottle; Still life photography; Vase,570,459
candidate_052_expressionism_rote_tulpen_1926.jpg,14.355,7093,expressionism,Rote Tulpen,Christian Rohlfs,rote-tulpen-1926,flower painting,Expressionism,Flower; Tulip; Plant,375,315
candidate_053_impressionism_still_life_with_apples_and_pipkin.jpg,14.294,11889,impressionism,Still Life With Apples and Pipkin,Adam Baltatu,still-life-with-apples-and-pipkin,still life,Impressionism,Still life photography; Fruit; Pomegranate; Plant,441,325
candidate_054_expressionism_still_life_hyacinths_carpet.jpg,14.121,6412,expressionism,Still life hyacinths carpet,August Macke,still-life-hyacinths-carpet,still life,Expressionism,fruits-and-vegetables; dishware-and-cutlery; Still life photography,750,531
candidate_055_impressionism_daisies.jpg,13.845,12899,impressionism,Daisies,Berthe Morisot,daisies,still life,Impressionism,flowers-and-plants; Still life photography; Flower,723,600
candidate_056_expressionism_ombelles_dans_un_vase_1965.jpg,13.826,6510,expressionism,Ombelles dans un vase,Bernard Buffet,ombelles-dans-un-vase-1965,still life,Expressionism,Sketch; Tree; Botany; Plant; Houseplant,364,480
candidate_057_expressionism_abstract_composition_2000.jpg,13.681,5625,expressionism,Abstract Composition,Alexander Bogen,abstract-composition-2000,abstract,Abstract Expressionism,,750,518
candidate_058_expressionism_gladioli_1919.jpg,13.649,6986,expressionism,Gladioli,Chaim Soutine,gladioli-1919,still life,Expressionism,flowers-and-plants; Still life photography,420,600
candidate_059_expressionism_polyxena_of_lobkowicz.jpg,13.635,6700,expressionism,Polyxena of Lobkowicz,Maria Bozoky,polyxena-of-lobkowicz,portrait; figurative,Expressionism,princess,411,600
candidate_060_expressionism_at_the_beach_1993.jpg,13.628,6570,expressionism,At the Beach,Maria Bozoky,at-the-beach-1993,portrait; symbolic painting,Expressionism,lakes-and-ponds,418,600
candidate_061_expressionism_woman_s_head_with_beauty_spot.jpg,13.506,6116,expressionism,Woman's Head with Beauty Spot,Amedeo Modigliani,woman-s-head-with-beauty-spot,portrait,Expressionism,female-portraits; Head,457,600
candidate_062_expressionism_still_life.jpg,13.427,6546,expressionism,Still life,Boris Grigoriev,still-life,still life,Expressionism; Neoclassicism,Still life photography; Serveware; Jug,724,599
candidate_063_expressionism_still_life_1964.jpg,13.426,6515,expressionism,Still Life,Bernard Buffet,still-life-1964,still life,Expressionism,Still life photography,640,480
candidate_064_impressionism_pipkin_with_chrysanthemums.jpg,13.214,11883,impressionism,Pipkin with Chrysanthemums,Adam Baltatu,pipkin-with-chrysanthemums,flower painting,Impressionism,Flower; Bouquet; Cut flowers; Still life photography; Plant; Flowerpot; Chrysanths,441,366
candidate_065_impressionism_crisantemos_1917.jpg,13.125,12500,impressionism,Crisantemos,Andres de Santa Maria,crisantemos-1917,flower painting,Impressionism,Still life photography; Flower; Vase,399,600
candidate_066_impressionism_sur_la_terrasse_vue_de_la_mer.jpg,12.925,12493,impressionism,Sur la terrasse--vue de la mer,Andre Dunoyer de Segonzac,sur-la-terrasse-vue-de-la-mer,still life,Impressionism,Flower; Botany; Plant,570,414
candidate_067_impressionism_roses_in_a_vase.jpg,12.775,13493,impressionism,Roses in a Vase,Childe Hassam,roses-in-a-vase,still life,Impressionism,flowers-and-plants,720,600
candidate_068_impressionism_still_life_with_vegetables.jpg,12.395,11894,impressionism,Still Life With Vegetables,Adam Baltatu,still-life-with-vegetables,still life,Impressionism,Still life photography,441,300
candidate_069_impressionism_still_life_with_pipe_and_books.jpg,12.395,11891,impressionism,Still Life With Pipe and Books,Adam Baltatu,still-life-with-pipe-and-books,still life,Impressionism,Still life photography,441,349
candidate_070_impressionism_giant_magnolias.jpg,12.265,13307,impressionism,Giant Magnolias,Childe Hassam,giant-magnolias,still life,Impressionism,flowers-and-plants; Still life photography,334,600
candidate_071_impressionism_colonial_quilt.jpg,12.062,13245,impressionism,Colonial Quilt,Childe Hassam,colonial-quilt,still life,Impressionism,fruits-and-vegetables; food-and-beverages; Leaf,392,600
candidate_072_impressionism_still_life_with_a_cabbage_1920.jpg,12.025,12491,impressionism,Still Life with a Cabbage,Andre Dunoyer de Segonzac,still-life-with-a-cabbage-1920,still life,Impressionism,Still life photography,729,600
