stimulus_id,image_file,original_filename,original_relative_path,original_style_folder,condition_congruent,condition_semi_congruent,condition_incongruent,notes,needs_human_review
001,001.jpg,bird_of_the_spirit_0121.jpg,abstract-expressionism/bird_of_the_spirit_0121.jpg,abstract-expressionism,"A small bird-like figure sits inside a dark oval on a textured orange field. Brushwork and layered marks keep the composition tightly focused around the center, with colors and shapes spreading in balanced arcs across the surface.","A small rounded form sits inside a dark oval on a textured orange field. Brushwork and layered marks keep the composition tightly focused around the center, with colors and shapes spreading in balanced arcs across the surface.","An ochre stripe and an olive disk interrupt a soft field, while a darker teal panel sits nearby. Colors and shapes remain separated across the surface, with the layout staying centered and orderly.",image_type=abstract; source=direct_image_inspection,False
002,002.jpg,multiform_0299.jpg,abstract-expressionism/multiform_0299.jpg,abstract-expressionism,"Horizontal pastel bands and pale blocks stretch across a cream background. Brushwork and layered marks keep the composition tightly focused around the center, with colors and shapes spreading in balanced arcs across the surface. The arrangement stays visually clear from edge to edge.","Horizontal pastel bars and pale blocks stretch across a cream background. Brushwork and layered marks keep the composition tightly focused around the center, with colors and shapes spreading in balanced arcs across the surface. The arrangement stays visually clear from edge to edge.","An olive stripe and a violet disk interrupt a soft plane, while a darker pearl panel sits nearby. Brushwork and layered marks keep the composition compact and balanced, with color areas spread across the surface.",image_type=abstract; source=direct_image_inspection,False
003,003.jpg,pancho_villa_dead_and_alive_0125.jpg,abstract-expressionism/pancho_villa_dead_and_alive_0125.jpg,abstract-expressionism,"Two circular head-like forms and thin standing shapes divide the composition. Brushwork and layered marks keep the composition tightly focused around the center, with colors and shapes spreading in balanced arcs across the surface. The arrangement stays visually clear from edge to edge.","Two circular face-like forms and thin standing shapes divide the composition. Brushwork and layered marks keep the composition tightly focused around the center, with colors and shapes spreading in balanced arcs across the surface. The arrangement stays visually clear from edge to edge.","A cluster of pearl shapes drifts across a dusty plane, leaving a mauve disk and a dark cream stripe near one edge. Colors and shapes remain separated across the surface, with the layout staying centered and orderly.",image_type=semi_abstract; source=direct_image_inspection,False
004,004.jpg,pandora_0015.jpg,abstract-expressionism/pandora_0015.jpg,abstract-expressionism,"Translucent turquoise shapes, a black circle, and orange blocks cluster at center. Brushwork and layered marks keep the composition tightly focused around the center, with colors and shapes spreading in balanced arcs across the surface.","Translucent turquoise shapes, a black oval, and orange blocks cluster at center. Brushwork and layered marks keep the composition tightly focused around the center, with colors and shapes spreading in balanced arcs across the surface.","A teal panel and a pale sand oval cross a flat plane, with a darker brick patch below. The arrangement stays visually clear from edge to edge, with open space keeping the elements distinct.",image_type=semi_abstract; source=direct_image_inspection,False
005,005.jpg,quadratisch_0069.jpg,abstract-expressionism/quadratisch_0069.jpg,abstract-expressionism,"A soft lavender gradient fades across the frame with small white blocks below. Brushwork and layered marks keep the composition tightly focused around the center, with colors and shapes spreading in balanced arcs across the surface.","A soft lavender gradient fades across the frame with small white patches below. Brushwork and layered marks keep the composition tightly focused around the center, with colors and shapes spreading in balanced arcs across the surface.","Two amber panels and a coral ring divide a calm ground, while a dark indigo bar cuts diagonally through it. Brushwork and layered marks keep the composition compact and balanced, with color areas spread across the surface.",image_type=abstract; source=direct_image_inspection,False
006,006.jpg,the_heart_0108.jpg,abstract-expressionism/the_heart_0108.jpg,abstract-expressionism,"A dark green rectangle and a white panel with a red heart sit apart. Brushwork and layered marks keep the composition tightly focused around the center, with colors and shapes spreading in balanced arcs across the surface.","A dark green rectangle and a white panel with a red circle sit apart. Brushwork and layered marks keep the composition tightly focused around the center, with colors and shapes spreading in balanced arcs across the surface.","Two rust panels and an indigo ring divide a calm plane, while a dark olive bar cuts diagonally through it. The arrangement stays visually clear from edge to edge, with open space keeping the elements distinct.",image_type=abstract; source=direct_image_inspection,False
007,007.jpg,untitled_0173.jpg,abstract-expressionism/untitled_0173.jpg,abstract-expressionism,"A dark vertical field holds a pale oval face-like shape near the top. Brushwork and layered marks keep the composition tightly focused around the center, with colors and shapes spreading in balanced arcs across the surface.","A dark vertical field holds a pale oval head-like shape near the top. Brushwork and layered marks keep the composition tightly focused around the center, with colors and shapes spreading in balanced arcs across the surface.","A coral loop and an ochre curve sit on a muted plane, with a thin cobalt line crossing near the center. Brushwork and layered marks keep the composition compact and balanced, with color areas spread across the surface.",image_type=semi_abstract; source=direct_image_inspection,False
008,008.jpg,what_the_wind_does_0268.jpg,abstract-expressionism/what_the_wind_does_0268.jpg,abstract-expressionism,"Misty gray space holds pale blue circles and a faint pink vertical streak. Brushwork and layered marks keep the composition tightly focused around the center, with colors and shapes spreading in balanced arcs across the surface.","Misty gray space holds pale blue circles and a faint pink vertical line. Brushwork and layered marks keep the composition tightly focused around the center, with colors and shapes spreading in balanced arcs across the surface.","Two mint panels and a brick ring divide a calm field, while a dark teal bar cuts diagonally through it. Brushwork and layered marks keep the composition compact and balanced, with color areas spread across the surface.",image_type=abstract; source=direct_image_inspection,False
009,009.jpg,wounded_gull_0123.jpg,abstract-expressionism/wounded_gull_0123.jpg,abstract-expressionism,"A white bird-like form cuts across a black field with red streaks. Brushwork and layered marks keep the composition tightly focused around the center, with colors and shapes spreading in balanced arcs across the surface.","A white rounded form cuts across a black field with red streaks. Brushwork and layered marks keep the composition tightly focused around the center, with colors and shapes spreading in balanced arcs across the surface.","A brick wedge and a coral loop rest against a calm surface, with a narrow cream line running through the middle. The arrangement stays visually clear from edge to edge, with open space keeping the elements distinct.",image_type=abstract; source=direct_image_inspection,False
010,010.jpg,e_226_0133.jpg,color-field-painting/e_226_0133.jpg,color-field-painting,"A large red rounded form rests on an orange field with a small blue bar below. Brushwork and layered marks keep the composition tightly focused around the center, with colors and shapes spreading in balanced arcs across the surface.","A large red rounded form rests on an orange plane with a small blue bar below. Brushwork and layered marks keep the composition tightly focused around the center, with colors and shapes spreading in balanced arcs across the surface.","Two indigo panels and an olive ring divide a calm plane, while a dark mint bar cuts diagonally through it. Colors and shapes remain separated across the surface, with the layout staying centered and orderly.",image_type=abstract; source=direct_image_inspection,False
011,011.jpg,green_form_0264.jpg,color-field-painting/green_form_0264.jpg,color-field-painting,"A bright green oval shape opens at the center over a tan background. Brushwork and layered marks keep the composition tightly focused around the center, with colors and shapes spreading in balanced arcs across the surface.","A bright green circle shape opens at the center over a tan background. Brushwork and layered marks keep the composition tightly focused around the center, with colors and shapes spreading in balanced arcs across the surface.","Two indigo panels and a sand ring divide a calm ground, while a dark brick bar cuts diagonally through it. Brushwork and layered marks keep the composition compact and balanced, with color areas spread across the surface.",image_type=abstract; source=direct_image_inspection,False
012,012.jpg,no_5_no_22_0055.jpg,color-field-painting/no_5_no_22_0055.jpg,color-field-painting,"A thick red band crosses a yellow-orange field at the center. Brushwork and layered marks keep the composition tightly focused around the center, with colors and shapes spreading in balanced arcs across the surface. The arrangement stays visually clear from edge to edge.","A thick red band crosses a yellow-orange plane at the center. Brushwork and layered marks keep the composition tightly focused around the center, with colors and shapes spreading in balanced arcs across the surface. The arrangement stays visually clear from edge to edge.","An indigo lattice, a slate disk, and a small coral stripe are arranged across a quiet surface. Colors and shapes remain separated across the surface, with the layout staying centered and orderly.",image_type=abstract; source=direct_image_inspection,False
013,013.jpg,the_station_of_the_cross_-_first_station_0179.jpg,color-field-painting/the_station_of_the_cross_-_first_station_0179.jpg,color-field-painting,"An off-white field is split by a thin vertical black streak near the right edge. Brushwork and layered marks keep the composition tightly focused around the center, with colors and shapes spreading in balanced arcs across the surface.","An off-white field is split by a thin vertical black line near the right edge. Brushwork and layered marks keep the composition tightly focused around the center, with colors and shapes spreading in balanced arcs across the surface.","A cobalt block anchors the center of a muted plane, joined by a small amber ring and a taupe bar off to one side. Brushwork and layered marks keep the composition compact and balanced, with color areas spread across the surface.",image_type=abstract; source=direct_image_inspection,False
014,014.jpg,untitled_0159.jpg,color-field-painting/untitled_0159.jpg,color-field-painting,"A yellow field is broken by a dark jagged corner and a red patch. Brushwork and layered marks keep the composition tightly focused around the center, with colors and shapes spreading in balanced arcs across the surface.","A yellow plane is broken by a dark jagged corner and a red patch. Brushwork and layered marks keep the composition tightly focused around the center, with colors and shapes spreading in balanced arcs across the surface.","Two olive arcs circle a brick square on a soft ground, with a thin mint line holding the composition together. Colors and shapes remain separated across the surface, with the layout staying centered and orderly.",image_type=abstract; source=direct_image_inspection,False
015,015.jpg,untitled_0170.jpg,color-field-painting/untitled_0170.jpg,color-field-painting,"Blue geometric shards cross a white background in sharp diagonals. Brushwork and layered marks keep the composition tightly focused around the center, with colors and shapes spreading in balanced arcs across the surface. The arrangement stays visually clear from edge to edge.","Blue geometric shards cross a white ground in sharp diagonals. Brushwork and layered marks keep the composition tightly focused around the center, with colors and shapes spreading in balanced arcs across the surface. The arrangement stays visually clear from edge to edge.","A cluster of mint shapes drifts across a dusty ground, leaving a charcoal disk and a dark amber stripe near one edge. Brushwork and layered marks keep the composition compact and balanced, with color areas spread across the surface.",image_type=abstract; source=direct_image_inspection,False
016,016.jpg,untitled_0213.jpg,color-field-painting/untitled_0213.jpg,color-field-painting,"Cream and black angular shapes meet across the center in a bold arrangement. Brushwork and layered marks keep the composition tightly focused around the center, with colors and shapes spreading in balanced arcs across the surface.","Cream and black angular forms meet across the center in a bold arrangement. Brushwork and layered marks keep the composition tightly focused around the center, with colors and shapes spreading in balanced arcs across the surface.","Two taupe panels and an olive ring divide a calm plane, while a dark charcoal bar cuts diagonally through it. Colors and shapes remain separated across the surface, with the layout staying centered and orderly.",image_type=abstract; source=direct_image_inspection,False
017,017.jpg,untitled_mural_for_end_wall_0222.jpg,color-field-painting/untitled_mural_for_end_wall_0222.jpg,color-field-painting,"A dark brown square sits inside a bright orange border. Brushwork and layered marks keep the composition tightly focused around the center, with colors and shapes spreading in balanced arcs across the surface. The arrangement stays visually clear from edge to edge.","A dark brown rectangle sits inside a bright orange border. Brushwork and layered marks keep the composition tightly focused around the center, with colors and shapes spreading in balanced arcs across the surface. The arrangement stays visually clear from edge to edge.","A pearl stripe and a mauve grid sit on a muted ground, with a thin slate line crossing near the center. Colors and shapes remain separated across the surface, with the layout staying centered and orderly.",image_type=abstract; source=direct_image_inspection,False
018,018.jpg,absinth_drinker_0102.jpg,expressionism/absinth_drinker_0102.jpg,expressionism,"A man leans over a table in a dim room with a glass beside him. Muted tones and a plain background keep the figure, clothing, and nearby objects clearly separated, with the main body staying central in the frame.","A figure leans over a table in a dim room with a glass beside them. Muted tones and a plain background keep the figure, clothing, and nearby objects clearly separated, with the main body staying central in the frame.","A sand block anchors the center of a muted surface, joined by a small cobalt ring and an indigo bar off to one side. Brushwork and layered marks keep the composition compact and balanced, with color areas spread across the surface.",image_type=figurative; source=direct_image_inspection,False
019,019.jpg,ascet_0276.jpg,expressionism/ascet_0276.jpg,expressionism,"An elderly man sits against a blue background, holding a plate and cup. Muted tones and a plain background keep the face, clothing, and nearby details clearly separated, with the main figure staying central in the frame.","An elderly figure sits against a blue background, holding a plate and cup. Muted tones and a plain background keep the face, clothing, and nearby details clearly separated, with the main figure staying central in the frame.","A pearl disk and an amber arc sit on a muted surface, with a thin mauve line crossing near the center. Brushwork and layered marks keep the composition compact and balanced, with color areas spread across the surface.",image_type=portrait; source=direct_image_inspection,False
020,020.jpg,canal_du_midi_0128.jpg,expressionism/canal_du_midi_0128.jpg,expressionism,"A canal landscape stretches under a wide sky with distant buildings and water. Sky, ground, and horizon divide the scene into broad bands, while smaller details add depth without breaking the open structure of the view.","A canal scene stretches under a wide sky with distant buildings and water. Sky, ground, and horizon divide the scene into broad bands, while smaller details add depth without breaking the open structure of the view.","A teal stripe and an indigo disk interrupt a soft field, while a darker rust panel sits nearby. Brushwork and layered marks keep the composition compact and balanced, with color areas spread across the surface.",image_type=landscape; source=direct_image_inspection,False
021,021.jpg,children_with_the_lamp_0237.jpg,expressionism/children_with_the_lamp_0237.jpg,expressionism,"Two children stand close together around a red lamp in a warm interior. Muted tones and a plain background keep the figure, clothing, and nearby objects clearly separated, with the main body staying central in the frame.","Two children stand close together around a red object in a warm interior. Muted tones and a plain background keep the figure, clothing, and nearby objects clearly separated, with the main body staying central in the frame.","A cluster of taupe shapes drifts across a dusty field, leaving a coral disk and a dark brick stripe near one edge. The arrangement stays visually clear from edge to edge, with open space keeping the elements distinct.",image_type=figurative; source=direct_image_inspection,False
022,022.jpg,christand_robber_0064.jpg,expressionism/christand_robber_0064.jpg,expressionism,"Two figures appear in a dark red scene with a bright horizontal form between them. Muted tones and a plain background keep the figure, clothing, and nearby objects clearly separated, with the main body staying central in the frame.","Two forms appear in a dark red scene with a bright horizontal form between them. Muted tones and a plain background keep the figure, clothing, and nearby objects clearly separated, with the main body staying central in the frame.","An amber stripe and a coral disk interrupt a soft ground, while a darker rust panel sits nearby. Brushwork and layered marks keep the composition compact and balanced, with color areas spread across the surface.",image_type=figurative; source=direct_image_inspection,False
023,023.jpg,das_tor_0026.jpg,expressionism/das_tor_0026.jpg,expressionism,"A narrow stone doorway opens in a weathered wall with a dark interior. Walls, openings, and furniture create a clear geometry that guides the eye from one part of the room to another across the frame.","A narrow stone passage is set in a weathered wall with a dark interior. Walls, openings, and furniture create a clear geometry that guides the eye from one part of the room to another across the frame.","A sand stripe and an indigo disk interrupt a soft plane, while a darker taupe panel sits nearby. Brushwork and layered marks keep the composition compact and balanced, with color areas spread across the surface.",image_type=interior; source=direct_image_inspection,False
024,024.jpg,despair_0035.jpg,expressionism/despair_0035.jpg,expressionism,"A lone rider follows a coastal road toward a distant horizon. Sky, ground, and horizon divide the scene into broad bands, while smaller details add depth without breaking the open structure of the view. The arrangement stays visually clear from edge to edge.","A lone figure follows a coastal road toward a distant horizon. Sky, ground, and horizon divide the scene into broad bands, while smaller details add depth without breaking the open structure of the view. The arrangement stays visually clear from edge to edge.","Two cobalt panels and a taupe ring divide a calm ground, while a dark mauve bar cuts diagonally through it. Brushwork and layered marks keep the composition compact and balanced, with color areas spread across the surface.",image_type=landscape; source=direct_image_inspection,False
025,025.jpg,female_head_0208.jpg,expressionism/female_head_0208.jpg,expressionism,"A blue-green portrait shows a woman with dark hair and a red scarf. Muted tones and a plain background keep the face, clothing, and nearby details clearly separated, with the main figure staying central in the frame.","A blue-green portrait shows a figure with dark hair and a red scarf. Muted tones and a plain background keep the face, clothing, and nearby details clearly separated, with the main figure staying central in the frame.","Two teal panels and a mint ring divide a calm surface, while a dark sand bar cuts diagonally through it. Brushwork and layered marks keep the composition compact and balanced, with color areas spread across the surface.",image_type=portrait; source=direct_image_inspection,False
026,026.jpg,fertility_ii_0197.jpg,expressionism/fertility_ii_0197.jpg,expressionism,"Two figures stand in a green field near a tree and a shallow bowl. Muted tones and a plain background keep the figure, clothing, and nearby objects clearly separated, with the main body staying central in the frame.","Two forms stand in a green field near a tree and a shallow bowl. Muted tones and a plain background keep the figure, clothing, and nearby objects clearly separated, with the main body staying central in the frame.","A taupe lattice, a pearl disk, and a small amber stripe are arranged across a quiet surface. Brushwork and layered marks keep the composition compact and balanced, with color areas spread across the surface.",image_type=figurative; source=direct_image_inspection,False
027,027.jpg,girl_and_death_0055.jpg,expressionism/girl_and_death_0055.jpg,expressionism,"A black-and-white drawing shows two nude figures locked in an embrace. Muted tones and a plain background keep the figure, clothing, and nearby objects clearly separated, with the main body staying central in the frame.","A black-and-white drawing shows two nude forms locked in an embrace. Muted tones and a plain background keep the figure, clothing, and nearby objects clearly separated, with the main body staying central in the frame.","Two coral panels and a mauve ring divide a calm surface, while a dark olive bar cuts diagonally through it. Colors and shapes remain separated across the surface, with the layout staying centered and orderly.",image_type=figurative; source=direct_image_inspection,False
028,028.jpg,girl_combing_her_hair_0037.jpg,expressionism/girl_combing_her_hair_0037.jpg,expressionism,"A seated figure bends forward in an interior washed with red and pale tones. Muted tones and a plain background keep the figure, clothing, and nearby objects clearly separated, with the main body staying central in the frame.","A seated form bends forward in an interior washed with red and pale tones. Muted tones and a plain background keep the figure, clothing, and nearby objects clearly separated, with the main body staying central in the frame.","An ochre panel and a pale coral oval cross a flat plane, with a darker teal patch below. Brushwork and layered marks keep the composition compact and balanced, with color areas spread across the surface.",image_type=figurative; source=direct_image_inspection,False
029,029.jpg,gretchen_0114.jpg,expressionism/gretchen_0114.jpg,expressionism,"A slender woman stands with folded hands in a sparse black-and-white sketch. Muted tones and a plain background keep the face, clothing, and nearby details clearly separated, with the main figure staying central in the frame.","A slender figure stands with folded hands in a sparse black-and-white sketch. Muted tones and a plain background keep the face, clothing, and nearby details clearly separated, with the main figure staying central in the frame.","Two slate arcs circle a brick square on a soft plane, with a thin ochre line holding the composition together. Brushwork and layered marks keep the composition compact and balanced, with color areas spread across the surface.",image_type=portrait; source=direct_image_inspection,False
030,030.jpg,man_and_woman_0101.jpg,expressionism/man_and_woman_0101.jpg,expressionism,"A man and woman lean together in a warm, dark-toned nude composition. Muted tones and a plain background keep the figure, clothing, and nearby objects clearly separated, with the main body staying central in the frame.","Two figures lean together in a warm, dark-toned nude composition. Muted tones and a plain background keep the figure, clothing, and nearby objects clearly separated, with the main body staying central in the frame.","A cream block anchors the center of a muted ground, joined by a small ochre ring and a slate bar off to one side. Brushwork and layered marks keep the composition compact and balanced, with color areas spread across the surface.",image_type=figurative; source=direct_image_inspection,False
031,031.jpg,maternit_233_after_picasso_0194.jpg,expressionism/maternit_233_after_picasso_0194.jpg,expressionism,"A mother sits with a child on her lap in a simplified blue interior. Muted tones and a plain background keep the figure, clothing, and nearby objects clearly separated, with the main body staying central in the frame.","A woman sits with a child on her lap in a simplified blue interior. Muted tones and a plain background keep the figure, clothing, and nearby objects clearly separated, with the main body staying central in the frame.","A taupe band overlaps a pale field, with a mint block and a brick curve below. Brushwork and layered marks keep the composition compact and balanced, with color areas spread across the surface.",image_type=figurative; source=direct_image_inspection,False
032,032.jpg,miguel_de_cervantes_0146.jpg,expressionism/miguel_de_cervantes_0146.jpg,expressionism,"A lone figure walks along a road through open countryside under a gray sky. Sky, ground, and horizon divide the scene into broad bands, while smaller details add depth without breaking the open structure of the view.","A lone form walks along a road through open countryside under a gray sky. Sky, ground, and horizon divide the scene into broad bands, while smaller details add depth without breaking the open structure of the view.","A charcoal wedge and a mint loop rest against a calm field, with a narrow teal line running through the middle. The arrangement stays visually clear from edge to edge, with open space keeping the elements distinct.",image_type=landscape; source=direct_image_inspection,False
033,033.jpg,misery_0089.jpg,expressionism/misery_0089.jpg,expressionism,"A dark interior shows a reclining figure beside a window and bed. Walls, openings, and furniture create a clear geometry that guides the eye from one part of the room to another across the frame.","A dark interior shows a reclining form beside a window and bed. Walls, openings, and furniture create a clear geometry that guides the eye from one part of the room to another across the frame.","A cobalt curve and a mint stripe sit on a muted ground, with a thin violet line crossing near the center. Colors and shapes remain separated across the surface, with the layout staying centered and orderly.",image_type=interior; source=direct_image_inspection,False
034,034.jpg,mother_and_child_on_the_beach_0214.jpg,expressionism/mother_and_child_on_the_beach_0214.jpg,expressionism,"A woman carries a child at the edge of a beach with the sea behind. Muted tones and a plain background keep the figure, clothing, and nearby objects clearly separated, with the main body staying central in the frame.","A figure carries a child at the edge of a beach with the sea behind. Muted tones and a plain background keep the figure, clothing, and nearby objects clearly separated, with the main body staying central in the frame.","A brick band overlaps a pale surface, with a taupe block and a pearl curve below. The arrangement stays visually clear from edge to edge, with open space keeping the elements distinct.",image_type=figurative; source=direct_image_inspection,False
035,035.jpg,night_0017.jpg,expressionism/night_0017.jpg,expressionism,"A dim room holds a bed and window, with light falling in long diagonal bands. Walls, openings, and furniture create a clear geometry that guides the eye from one part of the room to another across the frame.","A dim room holds a bed and window, with light falling in long diagonal bars. Walls, openings, and furniture create a clear geometry that guides the eye from one part of the room to another across the frame.","Two mauve panels and an amber ring divide a calm ground, while a dark sand bar cuts diagonally through it. The arrangement stays visually clear from edge to edge, with open space keeping the elements distinct.",image_type=interior; source=direct_image_inspection,False
036,036.jpg,old_fisherman_0239.jpg,expressionism/old_fisherman_0239.jpg,expressionism,"An old fisherman faces forward with clasped hands and a coastal background. Muted tones and a plain background keep the face, clothing, and nearby details clearly separated, with the main figure staying central in the frame.","An old fisherman faces forward with clasped hands and a coastal ground. Muted tones and a plain background keep the face, clothing, and nearby details clearly separated, with the main figure staying central in the frame.","A sand arc and a charcoal grid sit on a muted plane, with a thin coral line crossing near the center. Brushwork and layered marks keep the composition compact and balanced, with color areas spread across the surface.",image_type=portrait; source=direct_image_inspection,False
037,037.jpg,peat_digging_0251.jpg,expressionism/peat_digging_0251.jpg,expressionism,"A narrow water channel cuts through dark land in a peat-digging landscape. Sky, ground, and horizon divide the scene into broad bands, while smaller details add depth without breaking the open structure of the view.","A narrow water channel cuts through dark land in a peat-digging scene. Sky, ground, and horizon divide the scene into broad bands, while smaller details add depth without breaking the open structure of the view.","An indigo stripe and a coral disk interrupt a soft field, while a darker violet panel sits nearby. Colors and shapes remain separated across the surface, with the layout staying centered and orderly.",image_type=landscape; source=direct_image_inspection,False
038,038.jpg,radiant_sunset_0262.jpg,expressionism/radiant_sunset_0262.jpg,expressionism,"A radiant sun rises over fields with dark trees and open sky. Sky, ground, and horizon divide the scene into broad bands, while smaller details add depth without breaking the open structure of the view.","A radiant disk rises over fields with dark trees and open sky. Sky, ground, and horizon divide the scene into broad bands, while smaller details add depth without breaking the open structure of the view.","A coral band overlaps a pale field, with a mauve block and a sand curve below. Colors and shapes remain separated across the surface, with the layout staying centered and orderly.",image_type=landscape; source=direct_image_inspection,False
039,039.jpg,separation_0085.jpg,expressionism/separation_0085.jpg,expressionism,"A dark-clad figure stands near a pale flowing shape in an open setting. Muted tones and a plain background keep the figure, clothing, and nearby objects clearly separated, with the main body staying central in the frame.","A dark-clad form stands near a pale flowing shape in an open setting. Muted tones and a plain background keep the figure, clothing, and nearby objects clearly separated, with the main body staying central in the frame.","A cluster of slate shapes drifts across a dusty surface, leaving an amber disk and a dark mauve stripe near one edge. The arrangement stays visually clear from edge to edge, with open space keeping the elements distinct.",image_type=figurative; source=direct_image_inspection,False
040,040.jpg,skeletons_fighting_over_a_pickled_herring_0031.jpg,expressionism/skeletons_fighting_over_a_pickled_herring_0031.jpg,expressionism,"Two skeletons struggle over a fish against a soft pink background. Muted tones and a plain background keep the figure, clothing, and nearby objects clearly separated, with the main body staying central in the frame.","Two skeletons struggle over a fish-like form against a soft pink background. Muted tones and a plain background keep the figure, clothing, and nearby objects clearly separated, with the main body staying central in the frame.","Two mint panels and an olive ring divide a calm field, while a dark cobalt bar cuts diagonally through it. The arrangement stays visually clear from edge to edge, with open space keeping the elements distinct.",image_type=figurative; source=direct_image_inspection,False
041,041.jpg,the_family_of_blind_man_0291.jpg,expressionism/the_family_of_blind_man_0291.jpg,expressionism,"A blue-toned family scene centers on a blind man holding a child. Muted tones and a plain background keep the figure, clothing, and nearby objects clearly separated, with the main body staying central in the frame.","A blue-toned family scene centers on a blind figure holding a child. Muted tones and a plain background keep the figure, clothing, and nearby objects clearly separated, with the main body staying central in the frame.","A mauve panel and a pale slate oval cross a flat plane, with a darker indigo patch below. Colors and shapes remain separated across the surface, with the layout staying centered and orderly.",image_type=figurative; source=direct_image_inspection,False
042,042.jpg,the_victorious_dragon_0144.jpg,expressionism/the_victorious_dragon_0144.jpg,expressionism,"A dark dragon-like figure rises against a black background with pale markings. Muted tones and a plain background keep the figure, clothing, and nearby objects clearly separated, with the main body staying central in the frame.","A dark dragon-like form rises against a black background with pale markings. Muted tones and a plain background keep the figure, clothing, and nearby objects clearly separated, with the main body staying central in the frame.","An ochre panel and a pale coral oval cross a flat surface, with a darker olive patch below. The arrangement stays visually clear from edge to edge, with open space keeping the elements distinct.",image_type=figurative; source=direct_image_inspection,False
043,043.jpg,woman_with_dead_child_0295.jpg,expressionism/woman_with_dead_child_0295.jpg,expressionism,"A woman bends over a dead child in a muted graphite drawing. Muted tones and a plain background keep the figure, clothing, and nearby objects clearly separated, with the main body staying central in the frame.","A figure bends over a dead child in a muted graphite drawing. Muted tones and a plain background keep the figure, clothing, and nearby objects clearly separated, with the main body staying central in the frame.","A charcoal wedge and an amber loop rest against a calm plane, with a narrow taupe line running through the middle. Colors and shapes remain separated across the surface, with the layout staying centered and orderly.",image_type=figurative; source=direct_image_inspection,False
044,044.jpg,woman_with_goose_0258.jpg,expressionism/woman_with_goose_0258.jpg,expressionism,"A woman with a goose stands near a shore in a restrained landscape. Sky, ground, and horizon divide the scene into broad bands, while smaller details add depth without breaking the open structure of the view.","A figure with a goose stands near a shore in a restrained landscape. Sky, ground, and horizon divide the scene into broad bands, while smaller details add depth without breaking the open structure of the view.","Two mint panels and a rust ring divide a calm plane, while a dark taupe bar cuts diagonally through it. Colors and shapes remain separated across the surface, with the layout staying centered and orderly.",image_type=landscape; source=direct_image_inspection,False
045,045.jpg,chicken_wire_0298.jpg,minimalism/chicken_wire_0298.jpg,minimalism,"A pale hexagonal grid covers the surface in a quiet repeating pattern. Brushwork and layered marks keep the composition tightly focused around the center, with colors and shapes spreading in balanced arcs across the surface.","A pale hexagonal grid covers the plane in a quiet repeating pattern. Brushwork and layered marks keep the composition tightly focused around the center, with colors and shapes spreading in balanced arcs across the surface.","A taupe wedge and a teal loop rest against a calm field, with a narrow ochre line running through the middle. Brushwork and layered marks keep the composition compact and balanced, with color areas spread across the surface.",image_type=abstract; source=direct_image_inspection,False
046,046.jpg,d1_6_0207.jpg,minimalism/d1_6_0207.jpg,minimalism,"A large black circle hangs above a smaller dark shape on white. Brushwork and layered marks keep the composition tightly focused around the center, with colors and shapes spreading in balanced arcs across the surface.","A large black oval hangs above a smaller dark shape on white. Brushwork and layered marks keep the composition tightly focused around the center, with colors and shapes spreading in balanced arcs across the surface.","A cream panel and a pale indigo oval cross a flat surface, with a darker charcoal patch below. Brushwork and layered marks keep the composition compact and balanced, with color areas spread across the surface.",image_type=abstract; source=direct_image_inspection,False
047,047.jpg,sex_symbol_0190.jpg,minimalism/sex_symbol_0190.jpg,minimalism,"A black circle is framed by pale cream arcs and a curved base. Brushwork and layered marks keep the composition tightly focused around the center, with colors and shapes spreading in balanced arcs across the surface.","A black oval is framed by pale cream arcs and a curved base. Brushwork and layered marks keep the composition tightly focused around the center, with colors and shapes spreading in balanced arcs across the surface.","A cluster of mint shapes drifts across a dusty ground, leaving a taupe disk and a dark amber stripe near one edge. The arrangement stays visually clear from edge to edge, with open space keeping the elements distinct.",image_type=abstract; source=direct_image_inspection,False
048,048.jpg,split_ring_image_1_2009_0041.jpg,minimalism/split_ring_image_1_2009_0041.jpg,minimalism,"A bright ring is split into yellow and orange halves around a blank center. Brushwork and layered marks keep the composition tightly focused around the center, with colors and shapes spreading in balanced arcs across the surface.","A bright oval is split into yellow and orange halves around a blank center. Brushwork and layered marks keep the composition tightly focused around the center, with colors and shapes spreading in balanced arcs across the surface.","A violet stripe and a brick disk interrupt a soft plane, while a darker charcoal panel sits nearby. Colors and shapes remain separated across the surface, with the layout staying centered and orderly.",image_type=abstract; source=direct_image_inspection,False
049,049.jpg,supersition_et_transparence_carr_233_derri_232_re_0-90_degrees_carr_233_devant_20_110_degrees_0009.jpg,minimalism/supersition_et_transparence_carr_233_derri_232_re_0-90_degrees_carr_233_devant_20_110_degrees_0009.jpg,minimalism,"Overlapping white panels rest in soft shadow on a pale background. Brushwork and layered marks keep the composition tightly focused around the center, with colors and shapes spreading in balanced arcs across the surface. The arrangement stays visually clear from edge to edge.","Overlapping white panels rest in soft shadow on a pale ground. Brushwork and layered marks keep the composition tightly focused around the center, with colors and shapes spreading in balanced arcs across the surface. The arrangement stays visually clear from edge to edge.","A sand block anchors the center of a muted surface, joined by a small amber ring and a cream bar off to one side. The arrangement stays visually clear from edge to edge, with open space keeping the elements distinct.",image_type=abstract; source=direct_image_inspection,False
050,050.jpg,a_panic_in_the_middle_ages_0264.jpg,surrealism/a_panic_in_the_middle_ages_0264.jpg,surrealism,"Two acrobatic figures twist through a room with red walls and a dark floor. Muted tones and a plain background keep the figure, clothing, and nearby objects clearly separated, with the main body staying central in the frame.","Two acrobatic forms twist through a room with red walls and a dark floor. Muted tones and a plain background keep the figure, clothing, and nearby objects clearly separated, with the main body staying central in the frame.","A slate wedge and a cream loop rest against a calm plane, with a narrow brick line running through the middle. Brushwork and layered marks keep the composition compact and balanced, with color areas spread across the surface.",image_type=figurative; source=direct_image_inspection,False
051,051.jpg,automatic_drawing_0005.jpg,surrealism/automatic_drawing_0005.jpg,surrealism,"Black automatic lines scatter across a pale background in loose organic loops. Brushwork and layered marks keep the composition tightly focused around the center, with colors and shapes spreading in balanced arcs across the surface.","Black automatic lines scatter across a pale background in loose organic arcs. Brushwork and layered marks keep the composition tightly focused around the center, with colors and shapes spreading in balanced arcs across the surface.","Two mauve arcs circle an indigo square on a soft field, with a thin coral line holding the composition together. Brushwork and layered marks keep the composition compact and balanced, with color areas spread across the surface.",image_type=abstract; source=direct_image_inspection,False
052,052.jpg,before_the_snow_0016.jpg,surrealism/before_the_snow_0016.jpg,surrealism,"A stylized flower rises against a dark field with soft pink and red clouds. Brushwork and layered marks keep the composition tightly focused around the center, with colors and shapes spreading in balanced arcs across the surface.","A stylized flower rises against a dark plane with soft pink and red clouds. Brushwork and layered marks keep the composition tightly focused around the center, with colors and shapes spreading in balanced arcs across the surface.","A pearl lattice, an ochre disk, and a small sand stripe are arranged across a quiet field. Brushwork and layered marks keep the composition compact and balanced, with color areas spread across the surface.",image_type=semi_abstract; source=direct_image_inspection,False
053,053.jpg,checkmate_0209.jpg,surrealism/checkmate_0209.jpg,surrealism,"A woman in a checkerboard room holds a pen near her face. Walls, openings, and furniture create a clear geometry that guides the eye from one part of the room to another across the frame.","A figure in a checkerboard room holds a pen near her face. Walls, openings, and furniture create a clear geometry that guides the eye from one part of the room to another across the frame.","A charcoal grid and a pearl line sit on a muted ground, with a thin amber line crossing near the center. Colors and shapes remain separated across the surface, with the layout staying centered and orderly.",image_type=interior; source=direct_image_inspection,False
054,054.jpg,composition_0297.jpg,surrealism/composition_0297.jpg,surrealism,"A black triangular block and small yellow shape sit on a blue ground. Brushwork and layered marks keep the composition tightly focused around the center, with colors and shapes spreading in balanced arcs across the surface.","A black triangular patch and small yellow shape sit on a blue ground. Brushwork and layered marks keep the composition tightly focused around the center, with colors and shapes spreading in balanced arcs across the surface.","A cream stripe and an amber disk interrupt a soft surface, while a darker brick panel sits nearby. The arrangement stays visually clear from edge to edge, with open space keeping the elements distinct.",image_type=abstract; source=direct_image_inspection,False
055,055.jpg,dance_0182.jpg,surrealism/dance_0182.jpg,surrealism,"A dancing figure unfolds in blue, red, and black shapes on mustard. Muted tones and a plain background keep the figure, clothing, and nearby objects clearly separated, with the main body staying central in the frame.","A dancing form unfolds in blue, red, and black shapes on mustard. Muted tones and a plain background keep the figure, clothing, and nearby objects clearly separated, with the main body staying central in the frame.","A charcoal lattice, an ochre disk, and a small teal stripe are arranged across a quiet field. The arrangement stays visually clear from edge to edge, with open space keeping the elements distinct.",image_type=figurative; source=direct_image_inspection,False
056,056.jpg,eve_the_only_one_left_to_us_0171.jpg,surrealism/eve_the_only_one_left_to_us_0171.jpg,surrealism,"A tall figure stands on column-like legs with a shaggy pale head. Muted tones and a plain background keep the figure, clothing, and nearby objects clearly separated, with the main body staying central in the frame.","A tall form stands on column-like legs with a shaggy pale head. Muted tones and a plain background keep the figure, clothing, and nearby objects clearly separated, with the main body staying central in the frame.","Two rust arcs circle a sand square on a soft ground, with a thin cobalt line holding the composition together. Colors and shapes remain separated across the surface, with the layout staying centered and orderly.",image_type=figurative; source=direct_image_inspection,False
057,057.jpg,figure_0291.jpg,surrealism/figure_0291.jpg,surrealism,"A line-drawn figure in a hat stands on a cream background. Muted tones and a plain background keep the figure, clothing, and nearby objects clearly separated, with the main body staying central in the frame.","A line-drawn form in a hat stands on a cream background. Muted tones and a plain background keep the figure, clothing, and nearby objects clearly separated, with the main body staying central in the frame.","A coral panel and a pale cobalt oval cross a flat ground, with a darker pearl patch below. Brushwork and layered marks keep the composition compact and balanced, with color areas spread across the surface.",image_type=figurative; source=direct_image_inspection,False
058,058.jpg,habitantes_del_silencio_2_0139.jpg,surrealism/habitantes_del_silencio_2_0139.jpg,surrealism,"A dark structure and small figures sit inside a textured blue landscape. Sky, ground, and horizon divide the scene into broad bands, while smaller details add depth without breaking the open structure of the view.","A dark structure and small forms sit inside a textured blue landscape. Sky, ground, and horizon divide the scene into broad bands, while smaller details add depth without breaking the open structure of the view.","A pearl band overlaps a pale surface, with a taupe block and an indigo curve below. Brushwork and layered marks keep the composition compact and balanced, with color areas spread across the surface.",image_type=landscape; source=direct_image_inspection,False
059,059.jpg,imp_of_the_perverse_0268.jpg,surrealism/imp_of_the_perverse_0268.jpg,surrealism,"A pale organic form opens into cutout windows over a dark teal ground. Brushwork and layered marks keep the composition tightly focused around the center, with colors and shapes spreading in balanced arcs across the surface.","A pale organic form opens into cutout windows over a dark teal background. Brushwork and layered marks keep the composition tightly focused around the center, with colors and shapes spreading in balanced arcs across the surface.","A mauve wedge and a violet loop rest against a calm field, with a narrow cream line running through the middle. Colors and shapes remain separated across the surface, with the layout staying centered and orderly.",image_type=abstract; source=direct_image_inspection,False
060,060.jpg,leaf_customs_0172.jpg,surrealism/leaf_customs_0172.jpg,surrealism,"A leaf-like form stands between two vertical trunks on a yellow-green field. Brushwork and layered marks keep the composition tightly focused around the center, with colors and shapes spreading in balanced arcs across the surface.","A leaf-like form stands between two vertical trunks on a yellow-green plane. Brushwork and layered marks keep the composition tightly focused around the center, with colors and shapes spreading in balanced arcs across the surface.","A mauve stripe and a cream disk interrupt a soft field, while a darker pearl panel sits nearby. The arrangement stays visually clear from edge to edge, with open space keeping the elements distinct.",image_type=abstract; source=direct_image_inspection,False
061,061.jpg,one_night_museum_0269.jpg,surrealism/one_night_museum_0269.jpg,surrealism,"A museum shelf holds a hand, an apple, a shoe, and patterned panels. Tabletop objects sit close together, and the open space around them keeps each item readable while the arrangement stays compact and balanced.","A museum display shelf holds a hand, an apple, a shoe, and patterned panels. Tabletop objects sit close together, and the open space around them keeps each item readable while the arrangement stays compact and balanced.","A violet arc and an olive bar sit on a muted field, with a thin rust line crossing near the center. Colors and shapes remain separated across the surface, with the layout staying centered and orderly.",image_type=still_life; source=direct_image_inspection,False
062,062.jpg,pieta_revolution_by_night_0080.jpg,surrealism/pieta_revolution_by_night_0080.jpg,surrealism,"Two figures occupy a domestic interior, with one body draped over the other. Muted tones and a plain background keep the figure, clothing, and nearby objects clearly separated, with the main body staying central in the frame.","Two forms occupy a domestic interior, with one body draped over the other. Muted tones and a plain background keep the figure, clothing, and nearby objects clearly separated, with the main body staying central in the frame.","A cluster of mauve shapes drifts across a dusty ground, leaving a sand disk and a dark charcoal stripe near one edge. Brushwork and layered marks keep the composition compact and balanced, with color areas spread across the surface.",image_type=figurative; source=direct_image_inspection,False
063,063.jpg,popular_panorama_0214.jpg,surrealism/popular_panorama_0214.jpg,surrealism,"A cutaway landscape shows trees, buildings, and sky layered in a surreal view. Sky, ground, and horizon divide the scene into broad bands, while smaller details add depth without breaking the open structure of the view.","A split view shows trees, buildings, and sky layered in a surreal scene. Sky, ground, and horizon divide the scene into broad bands, while smaller details add depth without breaking the open structure of the view.","A sand lattice, a slate disk, and a small charcoal stripe are arranged across a quiet plane. Colors and shapes remain separated across the surface, with the layout staying centered and orderly.",image_type=landscape; source=direct_image_inspection,False
064,064.jpg,smoker_head_0164.jpg,surrealism/smoker_head_0164.jpg,surrealism,"A stylized head with a bird-like face sits against a blue field. Muted tones and a plain background keep the face, clothing, and nearby details clearly separated, with the main figure staying central in the frame.","A stylized head with a bird-like form sits against a blue field. Muted tones and a plain background keep the face, clothing, and nearby details clearly separated, with the main figure staying central in the frame.","Two indigo arcs circle a coral square on a soft plane, with a thin mint line holding the composition together. Colors and shapes remain separated across the surface, with the layout staying centered and orderly.",image_type=portrait; source=direct_image_inspection,False
065,065.jpg,stilleben_med_fisk_0250.jpg,surrealism/stilleben_med_fisk_0250.jpg,surrealism,"A still life with fish, a bottle, and a plate is arranged on a table before a coastal backdrop. Tabletop objects sit close together, and the open space around them keeps each item readable while the arrangement stays compact and balanced.","A still life with fish-like form, a bottle, and a plate is arranged on a table before a coastal backdrop. Tabletop objects sit close together, and the open space around them keeps each item readable while the arrangement stays compact and balanced.","A cluster of mauve shapes drifts across a dusty plane, leaving a taupe disk and a dark olive stripe near one edge. The arrangement stays visually clear from edge to edge, with open space keeping the elements distinct.",image_type=still_life; source=direct_image_inspection,False
066,066.jpg,the_4th_day_of_the_creation_0204.jpg,surrealism/the_4th_day_of_the_creation_0204.jpg,surrealism,"A stark black-and-white landscape opens under a brilliant radiating sun. Sky, ground, and horizon divide the scene into broad bands, while smaller details add depth without breaking the open structure of the view. The arrangement stays visually clear from edge to edge.","A stark black-and-white scene opens under a brilliant radiating disk. Sky, ground, and horizon divide the scene into broad bands, while smaller details add depth without breaking the open structure of the view. The arrangement stays visually clear from edge to edge.","Two violet arcs circle a sand square on a soft field, with a thin amber line holding the composition together. Brushwork and layered marks keep the composition compact and balanced, with color areas spread across the surface.",image_type=landscape; source=direct_image_inspection,False
067,067.jpg,the_beneficial_promise_0270.jpg,surrealism/the_beneficial_promise_0270.jpg,surrealism,"A hand touches a rounded form while a woman's head floats above. Muted tones and a plain background keep the figure, clothing, and nearby objects clearly separated, with the main body staying central in the frame.","A hand touches a rounded form while a figure's head floats above. Muted tones and a plain background keep the figure, clothing, and nearby objects clearly separated, with the main body staying central in the frame.","A rust panel and a pale amber oval cross a flat ground, with a darker slate patch below. The arrangement stays visually clear from edge to edge, with open space keeping the elements distinct.",image_type=figurative; source=direct_image_inspection,False
068,068.jpg,the_birth_of_idol_0215.jpg,surrealism/the_birth_of_idol_0215.jpg,surrealism,"A tall white sculptural figure stands beside chairs and a stormy shoreline. Muted tones and a plain background keep the figure, clothing, and nearby objects clearly separated, with the main body staying central in the frame.","A tall white sculptural form stands beside chairs and a stormy shoreline. Muted tones and a plain background keep the figure, clothing, and nearby objects clearly separated, with the main body staying central in the frame.","Two mint arcs circle a brick square on a soft ground, with a thin cream line holding the composition together. Colors and shapes remain separated across the surface, with the layout staying centered and orderly.",image_type=figurative; source=direct_image_inspection,False
069,069.jpg,the_carbide_lamp_0072.jpg,surrealism/the_carbide_lamp_0072.jpg,surrealism,"A carbide lamp and a fish rest beside a large curved black form. Tabletop objects sit close together, and the open space around them keeps each item readable while the arrangement stays compact and balanced.","A carbide lamp and a fish-like form rest beside a large curved black form. Tabletop objects sit close together, and the open space around them keeps each item readable while the arrangement stays compact and balanced.","A rust band overlaps a pale plane, with a cream block and a violet curve below. Colors and shapes remain separated across the surface, with the layout staying centered and orderly.",image_type=still_life; source=direct_image_inspection,False
070,070.jpg,the_conqueror_0217.jpg,surrealism/the_conqueror_0217.jpg,surrealism,"A man with a wood-grain head stands before desert hills and a branch. Muted tones and a plain background keep the face, clothing, and nearby details clearly separated, with the main figure staying central in the frame.","A figure with a wood-grain head stands before desert hills and a branch. Muted tones and a plain background keep the face, clothing, and nearby details clearly separated, with the main figure staying central in the frame.","Two cobalt panels and a taupe ring divide a calm field, while a dark charcoal bar cuts diagonally through it. Colors and shapes remain separated across the surface, with the layout staying centered and orderly.",image_type=portrait; source=direct_image_inspection,False
071,071.jpg,the_sculpture_0156.jpg,surrealism/the_sculpture_0156.jpg,surrealism,"Two stylized figures meet on a balcony-like setting with pale walls. Muted tones and a plain background keep the figure, clothing, and nearby objects clearly separated, with the main body staying central in the frame.","Two stylized forms meet on a balcony-like setting with pale walls. Muted tones and a plain background keep the figure, clothing, and nearby objects clearly separated, with the main body staying central in the frame.","A rust block anchors the center of a muted plane, joined by a small coral ring and a mauve bar off to one side. Brushwork and layered marks keep the composition compact and balanced, with color areas spread across the surface.",image_type=figurative; source=direct_image_inspection,False
072,072.jpg,christ_in_the_sepulchre_0090.jpg,symbolism/christ_in_the_sepulchre_0090.jpg,symbolism,"A luminous figure emerges beneath draped curtains above a shadowed tomb. Muted tones and a plain background keep the figure, clothing, and nearby objects clearly separated, with the main body staying central in the frame.","A luminous figure emerges beneath draped curtains above a shadowed stone block. Muted tones and a plain background keep the figure, clothing, and nearby objects clearly separated, with the main body staying central in the frame.","A sand stripe and a coral disk interrupt a soft surface, while a darker slate panel sits nearby. Brushwork and layered marks keep the composition compact and balanced, with color areas spread across the surface.",image_type=figurative; source=direct_image_inspection,False
073,073.jpg,death_of_sappho_0222.jpg,symbolism/death_of_sappho_0222.jpg,symbolism,"A rocky landscape frames a white bird and a small figure below. Sky, ground, and horizon divide the scene into broad bands, while smaller details add depth without breaking the open structure of the view.","A rocky landscape frames a white bird-like form and a small figure below. Sky, ground, and horizon divide the scene into broad bands, while smaller details add depth without breaking the open structure of the view.","A cream block anchors the center of a muted surface, joined by a small taupe ring and a sand bar off to one side. Brushwork and layered marks keep the composition compact and balanced, with color areas spread across the surface.",image_type=landscape; source=direct_image_inspection,False
074,074.jpg,evacuation_of_an_island_0230.jpg,symbolism/evacuation_of_an_island_0230.jpg,symbolism,"A monochrome island scene shows dark land, water, and streaked sky. Sky, ground, and horizon divide the scene into broad bands, while smaller details add depth without breaking the open structure of the view. The arrangement stays visually clear from edge to edge.","A monochrome landmass scene shows dark land, water, and streaked sky. Sky, ground, and horizon divide the scene into broad bands, while smaller details add depth without breaking the open structure of the view. The arrangement stays visually clear from edge to edge.","A cobalt panel and a pale sand oval cross a flat plane, with a darker slate patch below. Colors and shapes remain separated across the surface, with the layout staying centered and orderly.",image_type=landscape; source=direct_image_inspection,False
075,075.jpg,head_of_old_woman_from_antwerp_0263.jpg,symbolism/head_of_old_woman_from_antwerp_0263.jpg,symbolism,"An elderly woman sits in profile wearing a patterned headscarf. Muted tones and a plain background keep the face, clothing, and nearby details clearly separated, with the main figure staying central in the frame. The arrangement stays visually clear from edge to edge.","An elderly figure sits in profile wearing a patterned headscarf. Muted tones and a plain background keep the face, clothing, and nearby details clearly separated, with the main figure staying central in the frame. The arrangement stays visually clear from edge to edge.","An olive block anchors the center of a muted plane, joined by a small amber ring and an indigo bar off to one side. The arrangement stays visually clear from edge to edge, with open space keeping the elements distinct.",image_type=portrait; source=direct_image_inspection,False
076,076.jpg,illustration_to_milton_s_comus_0060.jpg,symbolism/illustration_to_milton_s_comus_0060.jpg,symbolism,"A standing woman faces a winged figure in a pale blue scene. Muted tones and a plain background keep the figure, clothing, and nearby objects clearly separated, with the main body staying central in the frame.","A standing figure faces a winged form in a pale blue scene. Muted tones and a plain background keep the figure, clothing, and nearby objects clearly separated, with the main body staying central in the frame.","Two violet panels and a cobalt ring divide a calm ground, while a dark taupe bar cuts diagonally through it. The arrangement stays visually clear from edge to edge, with open space keeping the elements distinct.",image_type=figurative; source=direct_image_inspection,False
077,077.jpg,los_entering_the_grave_0066.jpg,symbolism/los_entering_the_grave_0066.jpg,symbolism,"A figure walks into a dark arched grave-like doorway carrying a bundle. Muted tones and a plain background keep the figure, clothing, and nearby objects clearly separated, with the main body staying central in the frame.","A figure walks into a dark arched grave-like opening carrying a bundle. Muted tones and a plain background keep the figure, clothing, and nearby objects clearly separated, with the main body staying central in the frame.","A taupe block anchors the center of a muted field, joined by a small slate ring and an ochre bar off to one side. The arrangement stays visually clear from edge to edge, with open space keeping the elements distinct.",image_type=figurative; source=direct_image_inspection,False
078,078.jpg,ruins_in_the_moonlit_landscape_0117.jpg,symbolism/ruins_in_the_moonlit_landscape_0117.jpg,symbolism,"Ruins stand in a moonlit landscape under a dark evening sky. Sky, ground, and horizon divide the scene into broad bands, while smaller details add depth without breaking the open structure of the view. The arrangement stays visually clear from edge to edge.","structures stand in a moonlit landscape under a dark evening sky. Sky, ground, and horizon divide the scene into broad bands, while smaller details add depth without breaking the open structure of the view. The arrangement stays visually clear from edge to edge.","A taupe lattice, an amber disk, and a small coral stripe are arranged across a quiet plane. Brushwork and layered marks keep the composition compact and balanced, with color areas spread across the surface.",image_type=landscape; source=direct_image_inspection,False
079,079.jpg,the_balloon_0268.jpg,symbolism/the_balloon_0268.jpg,symbolism,"A silhouetted woman raises one arm beneath a small balloon in an orange sky. Muted tones and a plain background keep the figure, clothing, and nearby objects clearly separated, with the main body staying central in the frame.","A silhouetted woman raises one arm beneath a small round shape in an orange sky. Muted tones and a plain background keep the figure, clothing, and nearby objects clearly separated, with the main body staying central in the frame.","A slate stripe and a sand disk interrupt a soft surface, while a darker indigo panel sits nearby. The arrangement stays visually clear from edge to edge, with open space keeping the elements distinct.",image_type=figurative; source=direct_image_inspection,False
080,080.jpg,the_penitent_mary_magdalene_0262.jpg,symbolism/the_penitent_mary_magdalene_0262.jpg,symbolism,"A red-haired woman rests her head on her hand against a green background. Muted tones and a plain background keep the face, clothing, and nearby details clearly separated, with the main figure staying central in the frame.","A red-haired figure rests her head on her hand against a green background. Muted tones and a plain background keep the face, clothing, and nearby details clearly separated, with the main figure staying central in the frame.","Two mauve panels and a cobalt ring divide a calm ground, while a dark ochre bar cuts diagonally through it. Brushwork and layered marks keep the composition compact and balanced, with color areas spread across the surface.",image_type=portrait; source=direct_image_inspection,False
