run_id,participant,session,trial_index,trial_id,image_file,sample_index,sample_session_s,sample_unix_s,sample_from_image_onset_s,gaze_x_pix,gaze_y_pix,screen_width_px,screen_height_px,image_stim_width_units,image_stim_height_units,image_stim_center_x_units,image_stim_center_y_units,units
real_001_s001_2026-05-15_02-18-02-693,001,001,1,P002,P002.ppm,1,13.651505,1778804296.346502,0.0,-180.0,92.0,2940,1912,0.82,0.82,0.0,0.0,pix
real_001_s001_2026-05-15_02-18-02-693,001,001,1,P002,P002.ppm,2,13.668172,1778804296.363168,0.016667,-180.0,92.0,2940,1912,0.82,0.82,0.0,0.0,pix
real_001_s001_2026-05-15_02-18-02-693,001,001,1,P002,P002.ppm,3,13.684839,1778804296.379835,0.033333,-180.0,92.0,2940,1912,0.82,0.82,0.0,0.0,pix
real_001_s001_2026-05-15_02-18-02-693,001,001,1,P002,P002.ppm,4,13.701505,1778804296.396502,0.05,-180.0,92.0,2940,1912,0.82,0.82,0.0,0.0,pix
real_001_s001_2026-05-15_02-18-02-693,001,001,1,P002,P002.ppm,5,13.718172,1778804296.413168,0.066667,-180.0,92.0,2940,1912,0.82,0.82,0.0,0.0,pix
real_001_s001_2026-05-15_02-18-02-693,001,001,1,P002,P002.ppm,6,13.734839,1778804296.429835,0.083333,-180.0,92.0,2940,1912,0.82,0.82,0.0,0.0,pix
real_001_s001_2026-05-15_02-18-02-693,001,001,1,P002,P002.ppm,7,13.751505,1778804296.446502,0.1,-180.0,92.0,2940,1912,0.82,0.82,0.0,0.0,pix
real_001_s001_2026-05-15_02-18-02-693,001,001,1,P002,P002.ppm,8,13.768172,1778804296.463168,0.116667,-180.0,92.0,2940,1912,0.82,0.82,0.0,0.0,pix
real_001_s001_2026-05-15_02-18-02-693,001,001,1,P002,P002.ppm,9,13.784839,1778804296.479835,0.133333,-180.0,92.0,2940,1912,0.82,0.82,0.0,0.0,pix
real_001_s001_2026-05-15_02-18-02-693,001,001,1,P002,P002.ppm,10,13.801505,1778804296.496502,0.15,-180.0,92.0,2940,1912,0.82,0.82,0.0,0.0,pix
real_001_s001_2026-05-15_02-18-02-693,001,001,1,P002,P002.ppm,11,13.818172,1778804296.513169,0.166667,-180.0,92.0,2940,1912,0.82,0.82,0.0,0.0,pix
real_001_s001_2026-05-15_02-18-02-693,001,001,1,P002,P002.ppm,12,13.834839,1778804296.529835,0.183333,-180.0,92.0,2940,1912,0.82,0.82,0.0,0.0,pix
real_001_s001_2026-05-15_02-18-02-693,001,001,1,P002,P002.ppm,13,13.851505,1778804296.546502,0.2,-180.0,92.0,2940,1912,0.82,0.82,0.0,0.0,pix
real_001_s001_2026-05-15_02-18-02-693,001,001,1,P002,P002.ppm,14,13.868172,1778804296.563169,0.216667,-180.0,92.0,2940,1912,0.82,0.82,0.0,0.0,pix
real_001_s001_2026-05-15_02-18-02-693,001,001,1,P002,P002.ppm,15,13.884839,1778804296.579835,0.233333,-180.0,92.0,2940,1912,0.82,0.82,0.0,0.0,pix
real_001_s001_2026-05-15_02-18-02-693,001,001,1,P002,P002.ppm,16,13.901505,1778804296.596502,0.25,-180.0,92.0,2940,1912,0.82,0.82,0.0,0.0,pix
real_001_s001_2026-05-15_02-18-02-693,001,001,1,P002,P002.ppm,17,13.918172,1778804296.613168,0.266667,-180.0,92.0,2940,1912,0.82,0.82,0.0,0.0,pix
real_001_s001_2026-05-15_02-18-02-693,001,001,1,P002,P002.ppm,18,13.934839,1778804296.629835,0.283333,-180.0,92.0,2940,1912,0.82,0.82,0.0,0.0,pix
real_001_s001_2026-05-15_02-18-02-693,001,001,1,P002,P002.ppm,19,13.951505,1778804296.646502,0.3,-180.0,92.0,2940,1912,0.82,0.82,0.0,0.0,pix
real_001_s001_2026-05-15_02-18-02-693,001,001,1,P002,P002.ppm,20,13.968172,1778804296.663168,0.316667,-180.0,92.0,2940,1912,0.82,0.82,0.0,0.0,pix
real_001_s001_2026-05-15_02-18-02-693,001,001,1,P002,P002.ppm,21,13.984839,1778804296.679835,0.333333,-180.0,92.0,2940,1912,0.82,0.82,0.0,0.0,pix
real_001_s001_2026-05-15_02-18-02-693,001,001,1,P002,P002.ppm,22,14.001505,1778804296.696502,0.35,-180.0,92.0,2940,1912,0.82,0.82,0.0,0.0,pix
real_001_s001_2026-05-15_02-18-02-693,001,001,1,P002,P002.ppm,23,14.018172,1778804296.713168,0.366667,-180.0,92.0,2940,1912,0.82,0.82,0.0,0.0,pix
real_001_s001_2026-05-15_02-18-02-693,001,001,1,P002,P002.ppm,24,14.034839,1778804296.729835,0.383333,-180.0,92.0,2940,1912,0.82,0.82,0.0,0.0,pix
real_001_s001_2026-05-15_02-18-02-693,001,001,1,P002,P002.ppm,25,14.051505,1778804296.746502,0.4,-180.0,92.0,2940,1912,0.82,0.82,0.0,0.0,pix
real_001_s001_2026-05-15_02-18-02-693,001,001,1,P002,P002.ppm,26,14.068172,1778804296.763169,0.416667,-180.0,92.0,2940,1912,0.82,0.82,0.0,0.0,pix
real_001_s001_2026-05-15_02-18-02-693,001,001,1,P002,P002.ppm,27,14.084839,1778804296.779835,0.433333,-180.0,92.0,2940,1912,0.82,0.82,0.0,0.0,pix
real_001_s001_2026-05-15_02-18-02-693,001,001,1,P002,P002.ppm,28,14.101505,1778804296.796502,0.45,-180.0,92.0,2940,1912,0.82,0.82,0.0,0.0,pix
real_001_s001_2026-05-15_02-18-02-693,001,001,1,P002,P002.ppm,29,14.118172,1778804296.813169,0.466667,-180.0,92.0,2940,1912,0.82,0.82,0.0,0.0,pix
real_001_s001_2026-05-15_02-18-02-693,001,001,1,P002,P002.ppm,30,14.134839,1778804296.829835,0.483333,-180.0,92.0,2940,1912,0.82,0.82,0.0,0.0,pix
real_001_s001_2026-05-15_02-18-02-693,001,001,1,P002,P002.ppm,31,14.151505,1778804296.846502,0.5,-180.0,92.0,2940,1912,0.82,0.82,0.0,0.0,pix
real_001_s001_2026-05-15_02-18-02-693,001,001,1,P002,P002.ppm,32,14.168172,1778804296.863168,0.516667,-180.0,92.0,2940,1912,0.82,0.82,0.0,0.0,pix
real_001_s001_2026-05-15_02-18-02-693,001,001,1,P002,P002.ppm,33,14.184839,1778804296.879835,0.533333,-180.0,92.0,2940,1912,0.82,0.82,0.0,0.0,pix
real_001_s001_2026-05-15_02-18-02-693,001,001,1,P002,P002.ppm,34,14.201505,1778804296.896502,0.55,-180.0,92.0,2940,1912,0.82,0.82,0.0,0.0,pix
real_001_s001_2026-05-15_02-18-02-693,001,001,1,P002,P002.ppm,35,14.218172,1778804296.913168,0.566667,-180.0,92.0,2940,1912,0.82,0.82,0.0,0.0,pix
real_001_s001_2026-05-15_02-18-02-693,001,001,1,P002,P002.ppm,36,14.234839,1778804296.929835,0.583333,-180.0,92.0,2940,1912,0.82,0.82,0.0,0.0,pix
real_001_s001_2026-05-15_02-18-02-693,001,001,1,P002,P002.ppm,37,14.251505,1778804296.946502,0.6,-180.0,92.0,2940,1912,0.82,0.82,0.0,0.0,pix
real_001_s001_2026-05-15_02-18-02-693,001,001,1,P002,P002.ppm,38,14.268172,1778804296.963168,0.616667,-180.0,92.0,2940,1912,0.82,0.82,0.0,0.0,pix
real_001_s001_2026-05-15_02-18-02-693,001,001,1,P002,P002.ppm,39,14.284839,1778804296.979835,0.633333,-180.0,92.0,2940,1912,0.82,0.82,0.0,0.0,pix
real_001_s001_2026-05-15_02-18-02-693,001,001,1,P002,P002.ppm,40,14.301505,1778804296.996502,0.65,-180.0,92.0,2940,1912,0.82,0.82,0.0,0.0,pix
real_001_s001_2026-05-15_02-18-02-693,001,001,1,P002,P002.ppm,41,14.318172,1778804297.013169,0.666667,-180.0,92.0,2940,1912,0.82,0.82,0.0,0.0,pix
real_001_s001_2026-05-15_02-18-02-693,001,001,1,P002,P002.ppm,42,14.334839,1778804297.029835,0.683333,-180.0,92.0,2940,1912,0.82,0.82,0.0,0.0,pix
real_001_s001_2026-05-15_02-18-02-693,001,001,1,P002,P002.ppm,43,14.351505,1778804297.046502,0.7,-180.0,92.0,2940,1912,0.82,0.82,0.0,0.0,pix
real_001_s001_2026-05-15_02-18-02-693,001,001,1,P002,P002.ppm,44,14.368172,1778804297.063169,0.716667,-180.0,92.0,2940,1912,0.82,0.82,0.0,0.0,pix
real_001_s001_2026-05-15_02-18-02-693,001,001,1,P002,P002.ppm,45,14.384839,1778804297.079835,0.733333,-180.0,92.0,2940,1912,0.82,0.82,0.0,0.0,pix
real_001_s001_2026-05-15_02-18-02-693,001,001,1,P002,P002.ppm,46,14.401505,1778804297.096502,0.75,-180.0,92.0,2940,1912,0.82,0.82,0.0,0.0,pix
real_001_s001_2026-05-15_02-18-02-693,001,001,1,P002,P002.ppm,47,14.418172,1778804297.113168,0.766667,-180.0,92.0,2940,1912,0.82,0.82,0.0,0.0,pix
real_001_s001_2026-05-15_02-18-02-693,001,001,1,P002,P002.ppm,48,14.434839,1778804297.129835,0.783333,-180.0,92.0,2940,1912,0.82,0.82,0.0,0.0,pix
real_001_s001_2026-05-15_02-18-02-693,001,001,1,P002,P002.ppm,49,14.451505,1778804297.146502,0.8,-180.0,92.0,2940,1912,0.82,0.82,0.0,0.0,pix
real_001_s001_2026-05-15_02-18-02-693,001,001,1,P002,P002.ppm,50,14.468172,1778804297.163168,0.816667,-180.0,92.0,2940,1912,0.82,0.82,0.0,0.0,pix
real_001_s001_2026-05-15_02-18-02-693,001,001,1,P002,P002.ppm,51,14.484839,1778804297.179835,0.833333,-180.0,92.0,2940,1912,0.82,0.82,0.0,0.0,pix
real_001_s001_2026-05-15_02-18-02-693,001,001,1,P002,P002.ppm,52,14.501505,1778804297.196502,0.85,-180.0,92.0,2940,1912,0.82,0.82,0.0,0.0,pix
real_001_s001_2026-05-15_02-18-02-693,001,001,1,P002,P002.ppm,53,14.518172,1778804297.213168,0.866667,-180.0,92.0,2940,1912,0.82,0.82,0.0,0.0,pix
real_001_s001_2026-05-15_02-18-02-693,001,001,1,P002,P002.ppm,54,14.534839,1778804297.229835,0.883333,-180.0,92.0,2940,1912,0.82,0.82,0.0,0.0,pix
real_001_s001_2026-05-15_02-18-02-693,001,001,1,P002,P002.ppm,55,14.551505,1778804297.246502,0.9,-180.0,92.0,2940,1912,0.82,0.82,0.0,0.0,pix
real_001_s001_2026-05-15_02-18-02-693,001,001,1,P002,P002.ppm,56,14.568172,1778804297.263169,0.916667,-180.0,92.0,2940,1912,0.82,0.82,0.0,0.0,pix
real_001_s001_2026-05-15_02-18-02-693,001,001,1,P002,P002.ppm,57,14.584839,1778804297.279835,0.933333,-180.0,92.0,2940,1912,0.82,0.82,0.0,0.0,pix
real_001_s001_2026-05-15_02-18-02-693,001,001,1,P002,P002.ppm,58,14.601505,1778804297.296502,0.95,-180.0,92.0,2940,1912,0.82,0.82,0.0,0.0,pix
real_001_s001_2026-05-15_02-18-02-693,001,001,1,P002,P002.ppm,59,14.618172,1778804297.313169,0.966667,-180.0,92.0,2940,1912,0.82,0.82,0.0,0.0,pix
real_001_s001_2026-05-15_02-18-02-693,001,001,1,P002,P002.ppm,60,14.634839,1778804297.329835,0.983333,-180.0,92.0,2940,1912,0.82,0.82,0.0,0.0,pix
real_001_s001_2026-05-15_02-18-02-693,001,001,1,P002,P002.ppm,61,14.651505,1778804297.346502,1.0,-180.0,92.0,2940,1912,0.82,0.82,0.0,0.0,pix
real_001_s001_2026-05-15_02-18-02-693,001,001,1,P002,P002.ppm,62,14.668172,1778804297.363168,1.016667,-180.0,92.0,2940,1912,0.82,0.82,0.0,0.0,pix
real_001_s001_2026-05-15_02-18-02-693,001,001,1,P002,P002.ppm,63,14.684839,1778804297.379835,1.033333,-180.0,92.0,2940,1912,0.82,0.82,0.0,0.0,pix
real_001_s001_2026-05-15_02-18-02-693,001,001,1,P002,P002.ppm,64,14.701505,1778804297.396502,1.05,-180.0,92.0,2940,1912,0.82,0.82,0.0,0.0,pix
real_001_s001_2026-05-15_02-18-02-693,001,001,1,P002,P002.ppm,65,14.718172,1778804297.413168,1.066667,-180.0,92.0,2940,1912,0.82,0.82,0.0,0.0,pix
real_001_s001_2026-05-15_02-18-02-693,001,001,1,P002,P002.ppm,66,14.734839,1778804297.429835,1.083333,-180.0,92.0,2940,1912,0.82,0.82,0.0,0.0,pix
real_001_s001_2026-05-15_02-18-02-693,001,001,1,P002,P002.ppm,67,14.751505,1778804297.446502,1.1,-180.0,92.0,2940,1912,0.82,0.82,0.0,0.0,pix
real_001_s001_2026-05-15_02-18-02-693,001,001,1,P002,P002.ppm,68,14.768172,1778804297.463168,1.116667,-180.0,92.0,2940,1912,0.82,0.82,0.0,0.0,pix
real_001_s001_2026-05-15_02-18-02-693,001,001,1,P002,P002.ppm,69,14.784839,1778804297.479835,1.133333,-180.0,92.0,2940,1912,0.82,0.82,0.0,0.0,pix
real_001_s001_2026-05-15_02-18-02-693,001,001,1,P002,P002.ppm,70,14.801505,1778804297.496502,1.15,-180.0,92.0,2940,1912,0.82,0.82,0.0,0.0,pix
real_001_s001_2026-05-15_02-18-02-693,001,001,1,P002,P002.ppm,71,14.818172,1778804297.513169,1.166667,-180.0,92.0,2940,1912,0.82,0.82,0.0,0.0,pix
real_001_s001_2026-05-15_02-18-02-693,001,001,1,P002,P002.ppm,72,14.834839,1778804297.529835,1.183333,-180.0,92.0,2940,1912,0.82,0.82,0.0,0.0,pix
real_001_s001_2026-05-15_02-18-02-693,001,001,1,P002,P002.ppm,73,14.851505,1778804297.546502,1.2,-180.0,92.0,2940,1912,0.82,0.82,0.0,0.0,pix
real_001_s001_2026-05-15_02-18-02-693,001,001,1,P002,P002.ppm,74,14.868172,1778804297.563169,1.216667,-180.0,92.0,2940,1912,0.82,0.82,0.0,0.0,pix
real_001_s001_2026-05-15_02-18-02-693,001,001,1,P002,P002.ppm,75,14.884839,1778804297.579835,1.233333,-180.0,92.0,2940,1912,0.82,0.82,0.0,0.0,pix
real_001_s001_2026-05-15_02-18-02-693,001,001,1,P002,P002.ppm,76,14.901505,1778804297.596502,1.25,-180.0,92.0,2940,1912,0.82,0.82,0.0,0.0,pix
real_001_s001_2026-05-15_02-18-02-693,001,001,1,P002,P002.ppm,77,14.918172,1778804297.613168,1.266667,-180.0,92.0,2940,1912,0.82,0.82,0.0,0.0,pix
real_001_s001_2026-05-15_02-18-02-693,001,001,1,P002,P002.ppm,78,14.934839,1778804297.629835,1.283333,-180.0,92.0,2940,1912,0.82,0.82,0.0,0.0,pix
real_001_s001_2026-05-15_02-18-02-693,001,001,1,P002,P002.ppm,79,14.951505,1778804297.646502,1.3,-180.0,92.0,2940,1912,0.82,0.82,0.0,0.0,pix
real_001_s001_2026-05-15_02-18-02-693,001,001,1,P002,P002.ppm,80,14.968172,1778804297.663168,1.316667,-180.0,92.0,2940,1912,0.82,0.82,0.0,0.0,pix
real_001_s001_2026-05-15_02-18-02-693,001,001,1,P002,P002.ppm,81,14.984839,1778804297.679835,1.333333,-180.0,92.0,2940,1912,0.82,0.82,0.0,0.0,pix
real_001_s001_2026-05-15_02-18-02-693,001,001,1,P002,P002.ppm,82,15.001505,1778804297.696502,1.35,-180.0,92.0,2940,1912,0.82,0.82,0.0,0.0,pix
real_001_s001_2026-05-15_02-18-02-693,001,001,1,P002,P002.ppm,83,15.018172,1778804297.713168,1.366667,-180.0,92.0,2940,1912,0.82,0.82,0.0,0.0,pix
real_001_s001_2026-05-15_02-18-02-693,001,001,1,P002,P002.ppm,84,15.034839,1778804297.729835,1.383333,-180.0,92.0,2940,1912,0.82,0.82,0.0,0.0,pix
real_001_s001_2026-05-15_02-18-02-693,001,001,1,P002,P002.ppm,85,15.051505,1778804297.746502,1.4,-180.0,92.0,2940,1912,0.82,0.82,0.0,0.0,pix
real_001_s001_2026-05-15_02-18-02-693,001,001,1,P002,P002.ppm,86,15.068172,1778804297.763169,1.416667,-180.0,92.0,2940,1912,0.82,0.82,0.0,0.0,pix
real_001_s001_2026-05-15_02-18-02-693,001,001,1,P002,P002.ppm,87,15.084839,1778804297.779835,1.433333,-180.0,92.0,2940,1912,0.82,0.82,0.0,0.0,pix
real_001_s001_2026-05-15_02-18-02-693,001,001,1,P002,P002.ppm,88,15.101505,1778804297.796502,1.45,-180.0,92.0,2940,1912,0.82,0.82,0.0,0.0,pix
real_001_s001_2026-05-15_02-18-02-693,001,001,1,P002,P002.ppm,89,15.118172,1778804297.813169,1.466667,-180.0,92.0,2940,1912,0.82,0.82,0.0,0.0,pix
real_001_s001_2026-05-15_02-18-02-693,001,001,1,P002,P002.ppm,90,15.134839,1778804297.829835,1.483333,-180.0,92.0,2940,1912,0.82,0.82,0.0,0.0,pix
real_001_s001_2026-05-15_02-18-02-693,001,001,1,P002,P002.ppm,91,15.151505,1778804297.846502,1.5,-180.0,92.0,2940,1912,0.82,0.82,0.0,0.0,pix
real_001_s001_2026-05-15_02-18-02-693,001,001,1,P002,P002.ppm,92,15.168172,1778804297.863168,1.516667,-180.0,92.0,2940,1912,0.82,0.82,0.0,0.0,pix
real_001_s001_2026-05-15_02-18-02-693,001,001,1,P002,P002.ppm,93,15.184839,1778804297.879835,1.533333,-180.0,92.0,2940,1912,0.82,0.82,0.0,0.0,pix
real_001_s001_2026-05-15_02-18-02-693,001,001,1,P002,P002.ppm,94,15.201505,1778804297.896502,1.55,-180.0,92.0,2940,1912,0.82,0.82,0.0,0.0,pix
real_001_s001_2026-05-15_02-18-02-693,001,001,1,P002,P002.ppm,95,15.218172,1778804297.913168,1.566667,-180.0,92.0,2940,1912,0.82,0.82,0.0,0.0,pix
real_001_s001_2026-05-15_02-18-02-693,001,001,1,P002,P002.ppm,96,15.234839,1778804297.929835,1.583333,-180.0,92.0,2940,1912,0.82,0.82,0.0,0.0,pix
real_001_s001_2026-05-15_02-18-02-693,001,001,1,P002,P002.ppm,97,15.251505,1778804297.946502,1.6,-180.0,92.0,2940,1912,0.82,0.82,0.0,0.0,pix
real_001_s001_2026-05-15_02-18-02-693,001,001,1,P002,P002.ppm,98,15.268172,1778804297.963168,1.616667,-180.0,92.0,2940,1912,0.82,0.82,0.0,0.0,pix
real_001_s001_2026-05-15_02-18-02-693,001,001,1,P002,P002.ppm,99,15.284839,1778804297.979835,1.633333,-180.0,92.0,2940,1912,0.82,0.82,0.0,0.0,pix
real_001_s001_2026-05-15_02-18-02-693,001,001,1,P002,P002.ppm,100,15.301505,1778804297.996502,1.65,-180.0,92.0,2940,1912,0.82,0.82,0.0,0.0,pix
real_001_s001_2026-05-15_02-18-02-693,001,001,1,P002,P002.ppm,101,15.318172,1778804298.013169,1.666667,-180.0,92.0,2940,1912,0.82,0.82,0.0,0.0,pix
real_001_s001_2026-05-15_02-18-02-693,001,001,1,P002,P002.ppm,102,15.334839,1778804298.029835,1.683333,-180.0,92.0,2940,1912,0.82,0.82,0.0,0.0,pix
real_001_s001_2026-05-15_02-18-02-693,001,001,1,P002,P002.ppm,103,15.351505,1778804298.046502,1.7,-180.0,92.0,2940,1912,0.82,0.82,0.0,0.0,pix
real_001_s001_2026-05-15_02-18-02-693,001,001,1,P002,P002.ppm,104,15.368172,1778804298.063169,1.716667,-180.0,92.0,2940,1912,0.82,0.82,0.0,0.0,pix
real_001_s001_2026-05-15_02-18-02-693,001,001,1,P002,P002.ppm,105,15.384839,1778804298.079835,1.733333,-180.0,92.0,2940,1912,0.82,0.82,0.0,0.0,pix
real_001_s001_2026-05-15_02-18-02-693,001,001,1,P002,P002.ppm,106,15.401505,1778804298.096502,1.75,-180.0,92.0,2940,1912,0.82,0.82,0.0,0.0,pix
real_001_s001_2026-05-15_02-18-02-693,001,001,1,P002,P002.ppm,107,15.418172,1778804298.113168,1.766667,-180.0,92.0,2940,1912,0.82,0.82,0.0,0.0,pix
real_001_s001_2026-05-15_02-18-02-693,001,001,1,P002,P002.ppm,108,15.434839,1778804298.129835,1.783333,-180.0,92.0,2940,1912,0.82,0.82,0.0,0.0,pix
real_001_s001_2026-05-15_02-18-02-693,001,001,1,P002,P002.ppm,109,15.451505,1778804298.146502,1.8,-180.0,92.0,2940,1912,0.82,0.82,0.0,0.0,pix
real_001_s001_2026-05-15_02-18-02-693,001,001,1,P002,P002.ppm,110,15.468172,1778804298.163168,1.816667,-180.0,92.0,2940,1912,0.82,0.82,0.0,0.0,pix
real_001_s001_2026-05-15_02-18-02-693,001,001,1,P002,P002.ppm,111,15.484839,1778804298.179835,1.833333,-180.0,92.0,2940,1912,0.82,0.82,0.0,0.0,pix
real_001_s001_2026-05-15_02-18-02-693,001,001,1,P002,P002.ppm,112,15.501505,1778804298.196502,1.85,-180.0,92.0,2940,1912,0.82,0.82,0.0,0.0,pix
real_001_s001_2026-05-15_02-18-02-693,001,001,1,P002,P002.ppm,113,15.518172,1778804298.213168,1.866667,-180.0,92.0,2940,1912,0.82,0.82,0.0,0.0,pix
real_001_s001_2026-05-15_02-18-02-693,001,001,1,P002,P002.ppm,114,15.534839,1778804298.229835,1.883333,-180.0,92.0,2940,1912,0.82,0.82,0.0,0.0,pix
real_001_s001_2026-05-15_02-18-02-693,001,001,1,P002,P002.ppm,115,15.551505,1778804298.246502,1.9,-180.0,92.0,2940,1912,0.82,0.82,0.0,0.0,pix
real_001_s001_2026-05-15_02-18-02-693,001,001,1,P002,P002.ppm,116,15.568172,1778804298.263169,1.916667,-180.0,92.0,2940,1912,0.82,0.82,0.0,0.0,pix
real_001_s001_2026-05-15_02-18-02-693,001,001,1,P002,P002.ppm,117,15.584839,1778804298.279835,1.933333,-180.0,92.0,2940,1912,0.82,0.82,0.0,0.0,pix
real_001_s001_2026-05-15_02-18-02-693,001,001,1,P002,P002.ppm,118,15.601505,1778804298.296502,1.95,-180.0,92.0,2940,1912,0.82,0.82,0.0,0.0,pix
real_001_s001_2026-05-15_02-18-02-693,001,001,1,P002,P002.ppm,119,15.618172,1778804298.313169,1.966667,-180.0,92.0,2940,1912,0.82,0.82,0.0,0.0,pix
real_001_s001_2026-05-15_02-18-02-693,001,001,1,P002,P002.ppm,120,15.634839,1778804298.329835,1.983333,-180.0,92.0,2940,1912,0.82,0.82,0.0,0.0,pix
real_001_s001_2026-05-15_02-18-02-693,001,001,1,P002,P002.ppm,121,15.651505,1778804298.346502,2.0,-180.0,92.0,2940,1912,0.82,0.82,0.0,0.0,pix
real_001_s001_2026-05-15_02-18-02-693,001,001,1,P002,P002.ppm,122,15.668172,1778804298.363168,2.016667,-180.0,92.0,2940,1912,0.82,0.82,0.0,0.0,pix
real_001_s001_2026-05-15_02-18-02-693,001,001,1,P002,P002.ppm,123,15.684839,1778804298.379835,2.033333,-180.0,92.0,2940,1912,0.82,0.82,0.0,0.0,pix
real_001_s001_2026-05-15_02-18-02-693,001,001,1,P002,P002.ppm,124,15.701505,1778804298.396502,2.05,-180.0,92.0,2940,1912,0.82,0.82,0.0,0.0,pix
real_001_s001_2026-05-15_02-18-02-693,001,001,1,P002,P002.ppm,125,15.718172,1778804298.413168,2.066667,-180.0,92.0,2940,1912,0.82,0.82,0.0,0.0,pix
real_001_s001_2026-05-15_02-18-02-693,001,001,1,P002,P002.ppm,126,15.734839,1778804298.429835,2.083333,-180.0,92.0,2940,1912,0.82,0.82,0.0,0.0,pix
real_001_s001_2026-05-15_02-18-02-693,001,001,1,P002,P002.ppm,127,15.751505,1778804298.446502,2.1,-180.0,92.0,2940,1912,0.82,0.82,0.0,0.0,pix
real_001_s001_2026-05-15_02-18-02-693,001,001,1,P002,P002.ppm,128,15.768172,1778804298.463168,2.116667,-180.0,92.0,2940,1912,0.82,0.82,0.0,0.0,pix
real_001_s001_2026-05-15_02-18-02-693,001,001,1,P002,P002.ppm,129,15.784839,1778804298.479835,2.133333,-180.0,92.0,2940,1912,0.82,0.82,0.0,0.0,pix
real_001_s001_2026-05-15_02-18-02-693,001,001,1,P002,P002.ppm,130,15.801505,1778804298.496502,2.15,-180.0,92.0,2940,1912,0.82,0.82,0.0,0.0,pix
real_001_s001_2026-05-15_02-18-02-693,001,001,1,P002,P002.ppm,131,15.818172,1778804298.513169,2.166667,-180.0,92.0,2940,1912,0.82,0.82,0.0,0.0,pix
real_001_s001_2026-05-15_02-18-02-693,001,001,1,P002,P002.ppm,132,15.834839,1778804298.529835,2.183333,-180.0,92.0,2940,1912,0.82,0.82,0.0,0.0,pix
real_001_s001_2026-05-15_02-18-02-693,001,001,1,P002,P002.ppm,133,15.851505,1778804298.546502,2.2,-180.0,92.0,2940,1912,0.82,0.82,0.0,0.0,pix
real_001_s001_2026-05-15_02-18-02-693,001,001,1,P002,P002.ppm,134,15.868172,1778804298.563169,2.216667,-180.0,92.0,2940,1912,0.82,0.82,0.0,0.0,pix
real_001_s001_2026-05-15_02-18-02-693,001,001,1,P002,P002.ppm,135,15.884839,1778804298.579835,2.233333,-180.0,92.0,2940,1912,0.82,0.82,0.0,0.0,pix
real_001_s001_2026-05-15_02-18-02-693,001,001,1,P002,P002.ppm,136,15.901505,1778804298.596502,2.25,-180.0,92.0,2940,1912,0.82,0.82,0.0,0.0,pix
real_001_s001_2026-05-15_02-18-02-693,001,001,1,P002,P002.ppm,137,15.918172,1778804298.613168,2.266667,-180.0,92.0,2940,1912,0.82,0.82,0.0,0.0,pix
real_001_s001_2026-05-15_02-18-02-693,001,001,1,P002,P002.ppm,138,15.934839,1778804298.629835,2.283333,-180.0,92.0,2940,1912,0.82,0.82,0.0,0.0,pix
real_001_s001_2026-05-15_02-18-02-693,001,001,1,P002,P002.ppm,139,15.951505,1778804298.646502,2.3,-180.0,92.0,2940,1912,0.82,0.82,0.0,0.0,pix
real_001_s001_2026-05-15_02-18-02-693,001,001,1,P002,P002.ppm,140,15.968172,1778804298.663168,2.316667,-180.0,92.0,2940,1912,0.82,0.82,0.0,0.0,pix
real_001_s001_2026-05-15_02-18-02-693,001,001,1,P002,P002.ppm,141,15.984839,1778804298.679835,2.333333,-180.0,92.0,2940,1912,0.82,0.82,0.0,0.0,pix
real_001_s001_2026-05-15_02-18-02-693,001,001,1,P002,P002.ppm,142,16.001505,1778804298.696502,2.35,-180.0,92.0,2940,1912,0.82,0.82,0.0,0.0,pix
real_001_s001_2026-05-15_02-18-02-693,001,001,1,P002,P002.ppm,143,16.018172,1778804298.713168,2.366667,-180.0,92.0,2940,1912,0.82,0.82,0.0,0.0,pix
real_001_s001_2026-05-15_02-18-02-693,001,001,1,P002,P002.ppm,144,16.034839,1778804298.729835,2.383333,-180.0,92.0,2940,1912,0.82,0.82,0.0,0.0,pix
real_001_s001_2026-05-15_02-18-02-693,001,001,1,P002,P002.ppm,145,16.051505,1778804298.746502,2.4,-180.0,92.0,2940,1912,0.82,0.82,0.0,0.0,pix
real_001_s001_2026-05-15_02-18-02-693,001,001,1,P002,P002.ppm,146,16.068172,1778804298.763169,2.416667,-180.0,92.0,2940,1912,0.82,0.82,0.0,0.0,pix
real_001_s001_2026-05-15_02-18-02-693,001,001,1,P002,P002.ppm,147,16.084839,1778804298.779835,2.433333,-180.0,92.0,2940,1912,0.82,0.82,0.0,0.0,pix
real_001_s001_2026-05-15_02-18-02-693,001,001,1,P002,P002.ppm,148,16.101505,1778804298.796502,2.45,-180.0,92.0,2940,1912,0.82,0.82,0.0,0.0,pix
real_001_s001_2026-05-15_02-18-02-693,001,001,1,P002,P002.ppm,149,16.118172,1778804298.813169,2.466667,-180.0,92.0,2940,1912,0.82,0.82,0.0,0.0,pix
real_001_s001_2026-05-15_02-18-02-693,001,001,1,P002,P002.ppm,150,16.134839,1778804298.829835,2.483333,-180.0,92.0,2940,1912,0.82,0.82,0.0,0.0,pix
real_001_s001_2026-05-15_02-18-02-693,001,001,1,P002,P002.ppm,151,16.151505,1778804298.846502,2.5,-180.0,92.0,2940,1912,0.82,0.82,0.0,0.0,pix
real_001_s001_2026-05-15_02-18-02-693,001,001,1,P002,P002.ppm,152,16.168172,1778804298.863168,2.516667,-180.0,92.0,2940,1912,0.82,0.82,0.0,0.0,pix
real_001_s001_2026-05-15_02-18-02-693,001,001,1,P002,P002.ppm,153,16.184839,1778804298.879835,2.533333,-180.0,92.0,2940,1912,0.82,0.82,0.0,0.0,pix
real_001_s001_2026-05-15_02-18-02-693,001,001,1,P002,P002.ppm,154,16.201505,1778804298.896502,2.55,-180.0,92.0,2940,1912,0.82,0.82,0.0,0.0,pix
real_001_s001_2026-05-15_02-18-02-693,001,001,1,P002,P002.ppm,155,16.218172,1778804298.913168,2.566667,-180.0,92.0,2940,1912,0.82,0.82,0.0,0.0,pix
real_001_s001_2026-05-15_02-18-02-693,001,001,1,P002,P002.ppm,156,16.234839,1778804298.929835,2.583333,-180.0,92.0,2940,1912,0.82,0.82,0.0,0.0,pix
real_001_s001_2026-05-15_02-18-02-693,001,001,1,P002,P002.ppm,157,16.251505,1778804298.946502,2.6,-180.0,92.0,2940,1912,0.82,0.82,0.0,0.0,pix
real_001_s001_2026-05-15_02-18-02-693,001,001,1,P002,P002.ppm,158,16.268172,1778804298.963168,2.616667,-180.0,92.0,2940,1912,0.82,0.82,0.0,0.0,pix
real_001_s001_2026-05-15_02-18-02-693,001,001,1,P002,P002.ppm,159,16.284839,1778804298.979835,2.633333,-180.0,92.0,2940,1912,0.82,0.82,0.0,0.0,pix
real_001_s001_2026-05-15_02-18-02-693,001,001,1,P002,P002.ppm,160,16.301505,1778804298.996502,2.65,-180.0,92.0,2940,1912,0.82,0.82,0.0,0.0,pix
real_001_s001_2026-05-15_02-18-02-693,001,001,1,P002,P002.ppm,161,16.318172,1778804299.013169,2.666667,-180.0,92.0,2940,1912,0.82,0.82,0.0,0.0,pix
real_001_s001_2026-05-15_02-18-02-693,001,001,1,P002,P002.ppm,162,16.334839,1778804299.029835,2.683333,-180.0,92.0,2940,1912,0.82,0.82,0.0,0.0,pix
real_001_s001_2026-05-15_02-18-02-693,001,001,1,P002,P002.ppm,163,16.351505,1778804299.046502,2.7,-180.0,92.0,2940,1912,0.82,0.82,0.0,0.0,pix
real_001_s001_2026-05-15_02-18-02-693,001,001,1,P002,P002.ppm,164,16.368172,1778804299.063169,2.716667,-180.0,92.0,2940,1912,0.82,0.82,0.0,0.0,pix
real_001_s001_2026-05-15_02-18-02-693,001,001,1,P002,P002.ppm,165,16.384839,1778804299.079835,2.733333,-180.0,92.0,2940,1912,0.82,0.82,0.0,0.0,pix
real_001_s001_2026-05-15_02-18-02-693,001,001,1,P002,P002.ppm,166,16.401505,1778804299.096502,2.75,-180.0,92.0,2940,1912,0.82,0.82,0.0,0.0,pix
real_001_s001_2026-05-15_02-18-02-693,001,001,1,P002,P002.ppm,167,16.418172,1778804299.113168,2.766667,-180.0,92.0,2940,1912,0.82,0.82,0.0,0.0,pix
real_001_s001_2026-05-15_02-18-02-693,001,001,1,P002,P002.ppm,168,16.434839,1778804299.129835,2.783333,-180.0,92.0,2940,1912,0.82,0.82,0.0,0.0,pix
real_001_s001_2026-05-15_02-18-02-693,001,001,1,P002,P002.ppm,169,16.451505,1778804299.146502,2.8,-180.0,92.0,2940,1912,0.82,0.82,0.0,0.0,pix
real_001_s001_2026-05-15_02-18-02-693,001,001,1,P002,P002.ppm,170,16.468172,1778804299.163168,2.816667,-180.0,92.0,2940,1912,0.82,0.82,0.0,0.0,pix
real_001_s001_2026-05-15_02-18-02-693,001,001,1,P002,P002.ppm,171,16.484839,1778804299.179835,2.833333,-180.0,92.0,2940,1912,0.82,0.82,0.0,0.0,pix
real_001_s001_2026-05-15_02-18-02-693,001,001,1,P002,P002.ppm,172,16.501505,1778804299.196502,2.85,-180.0,92.0,2940,1912,0.82,0.82,0.0,0.0,pix
real_001_s001_2026-05-15_02-18-02-693,001,001,1,P002,P002.ppm,173,16.518172,1778804299.213168,2.866667,-180.0,92.0,2940,1912,0.82,0.82,0.0,0.0,pix
real_001_s001_2026-05-15_02-18-02-693,001,001,1,P002,P002.ppm,174,16.534839,1778804299.229835,2.883333,-180.0,92.0,2940,1912,0.82,0.82,0.0,0.0,pix
real_001_s001_2026-05-15_02-18-02-693,001,001,1,P002,P002.ppm,175,16.551505,1778804299.246502,2.9,-180.0,92.0,2940,1912,0.82,0.82,0.0,0.0,pix
real_001_s001_2026-05-15_02-18-02-693,001,001,1,P002,P002.ppm,176,16.568172,1778804299.263169,2.916667,-180.0,92.0,2940,1912,0.82,0.82,0.0,0.0,pix
real_001_s001_2026-05-15_02-18-02-693,001,001,1,P002,P002.ppm,177,16.584839,1778804299.279835,2.933333,-180.0,92.0,2940,1912,0.82,0.82,0.0,0.0,pix
real_001_s001_2026-05-15_02-18-02-693,001,001,1,P002,P002.ppm,178,16.601505,1778804299.296502,2.95,-180.0,92.0,2940,1912,0.82,0.82,0.0,0.0,pix
real_001_s001_2026-05-15_02-18-02-693,001,001,1,P002,P002.ppm,179,16.618172,1778804299.313169,2.966667,-180.0,92.0,2940,1912,0.82,0.82,0.0,0.0,pix
real_001_s001_2026-05-15_02-18-02-693,001,001,1,P002,P002.ppm,180,16.634839,1778804299.329835,2.983333,-180.0,92.0,2940,1912,0.82,0.82,0.0,0.0,pix
real_001_s001_2026-05-15_02-18-02-693,001,001,1,P002,P002.ppm,181,16.651505,1778804299.346502,3.0,-180.0,92.0,2940,1912,0.82,0.82,0.0,0.0,pix
real_001_s001_2026-05-15_02-18-02-693,001,001,1,P002,P002.ppm,182,16.668172,1778804299.363168,3.016667,-180.0,92.0,2940,1912,0.82,0.82,0.0,0.0,pix
real_001_s001_2026-05-15_02-18-02-693,001,001,1,P002,P002.ppm,183,16.684839,1778804299.379835,3.033333,-180.0,92.0,2940,1912,0.82,0.82,0.0,0.0,pix
real_001_s001_2026-05-15_02-18-02-693,001,001,1,P002,P002.ppm,184,16.701505,1778804299.396502,3.05,-180.0,92.0,2940,1912,0.82,0.82,0.0,0.0,pix
real_001_s001_2026-05-15_02-18-02-693,001,001,1,P002,P002.ppm,185,16.718172,1778804299.413168,3.066667,-180.0,92.0,2940,1912,0.82,0.82,0.0,0.0,pix
real_001_s001_2026-05-15_02-18-02-693,001,001,1,P002,P002.ppm,186,16.734839,1778804299.429835,3.083333,-180.0,92.0,2940,1912,0.82,0.82,0.0,0.0,pix
real_001_s001_2026-05-15_02-18-02-693,001,001,1,P002,P002.ppm,187,16.751505,1778804299.446502,3.1,-180.0,92.0,2940,1912,0.82,0.82,0.0,0.0,pix
real_001_s001_2026-05-15_02-18-02-693,001,001,1,P002,P002.ppm,188,16.768172,1778804299.463168,3.116667,-180.0,92.0,2940,1912,0.82,0.82,0.0,0.0,pix
real_001_s001_2026-05-15_02-18-02-693,001,001,1,P002,P002.ppm,189,16.784839,1778804299.479835,3.133333,-180.0,92.0,2940,1912,0.82,0.82,0.0,0.0,pix
real_001_s001_2026-05-15_02-18-02-693,001,001,1,P002,P002.ppm,190,16.801505,1778804299.496502,3.15,-180.0,92.0,2940,1912,0.82,0.82,0.0,0.0,pix
real_001_s001_2026-05-15_02-18-02-693,001,001,1,P002,P002.ppm,191,16.818172,1778804299.513169,3.166667,-180.0,92.0,2940,1912,0.82,0.82,0.0,0.0,pix
real_001_s001_2026-05-15_02-18-02-693,001,001,1,P002,P002.ppm,192,16.834839,1778804299.529835,3.183333,-180.0,92.0,2940,1912,0.82,0.82,0.0,0.0,pix
real_001_s001_2026-05-15_02-18-02-693,001,001,1,P002,P002.ppm,193,16.851505,1778804299.546502,3.2,-180.0,92.0,2940,1912,0.82,0.82,0.0,0.0,pix
real_001_s001_2026-05-15_02-18-02-693,001,001,1,P002,P002.ppm,194,16.868172,1778804299.563169,3.216667,-180.0,92.0,2940,1912,0.82,0.82,0.0,0.0,pix
real_001_s001_2026-05-15_02-18-02-693,001,001,1,P002,P002.ppm,195,16.884839,1778804299.579835,3.233333,-180.0,92.0,2940,1912,0.82,0.82,0.0,0.0,pix
real_001_s001_2026-05-15_02-18-02-693,001,001,1,P002,P002.ppm,196,16.901505,1778804299.596502,3.25,-180.0,92.0,2940,1912,0.82,0.82,0.0,0.0,pix
real_001_s001_2026-05-15_02-18-02-693,001,001,1,P002,P002.ppm,197,16.918172,1778804299.613168,3.266667,-180.0,92.0,2940,1912,0.82,0.82,0.0,0.0,pix
real_001_s001_2026-05-15_02-18-02-693,001,001,1,P002,P002.ppm,198,16.934839,1778804299.629835,3.283333,-180.0,92.0,2940,1912,0.82,0.82,0.0,0.0,pix
real_001_s001_2026-05-15_02-18-02-693,001,001,1,P002,P002.ppm,199,16.951505,1778804299.646502,3.3,-180.0,92.0,2940,1912,0.82,0.82,0.0,0.0,pix
real_001_s001_2026-05-15_02-18-02-693,001,001,1,P002,P002.ppm,200,16.968172,1778804299.663168,3.316667,-180.0,92.0,2940,1912,0.82,0.82,0.0,0.0,pix
real_001_s001_2026-05-15_02-18-02-693,001,001,1,P002,P002.ppm,201,16.984839,1778804299.679835,3.333333,-180.0,92.0,2940,1912,0.82,0.82,0.0,0.0,pix
real_001_s001_2026-05-15_02-18-02-693,001,001,1,P002,P002.ppm,202,17.001505,1778804299.696502,3.35,-180.0,92.0,2940,1912,0.82,0.82,0.0,0.0,pix
real_001_s001_2026-05-15_02-18-02-693,001,001,1,P002,P002.ppm,203,17.018172,1778804299.713168,3.366667,-180.0,92.0,2940,1912,0.82,0.82,0.0,0.0,pix
real_001_s001_2026-05-15_02-18-02-693,001,001,1,P002,P002.ppm,204,17.034839,1778804299.729835,3.383333,-180.0,92.0,2940,1912,0.82,0.82,0.0,0.0,pix
real_001_s001_2026-05-15_02-18-02-693,001,001,1,P002,P002.ppm,205,17.051505,1778804299.746502,3.4,-180.0,92.0,2940,1912,0.82,0.82,0.0,0.0,pix
real_001_s001_2026-05-15_02-18-02-693,001,001,1,P002,P002.ppm,206,17.068172,1778804299.763169,3.416667,-180.0,92.0,2940,1912,0.82,0.82,0.0,0.0,pix
real_001_s001_2026-05-15_02-18-02-693,001,001,1,P002,P002.ppm,207,17.084839,1778804299.779835,3.433333,-180.0,92.0,2940,1912,0.82,0.82,0.0,0.0,pix
real_001_s001_2026-05-15_02-18-02-693,001,001,1,P002,P002.ppm,208,17.101505,1778804299.796502,3.45,-180.0,92.0,2940,1912,0.82,0.82,0.0,0.0,pix
real_001_s001_2026-05-15_02-18-02-693,001,001,1,P002,P002.ppm,209,17.118172,1778804299.813169,3.466667,-180.0,92.0,2940,1912,0.82,0.82,0.0,0.0,pix
real_001_s001_2026-05-15_02-18-02-693,001,001,1,P002,P002.ppm,210,17.134839,1778804299.829835,3.483333,-180.0,92.0,2940,1912,0.82,0.82,0.0,0.0,pix
real_001_s001_2026-05-15_02-18-02-693,001,001,1,P002,P002.ppm,211,17.151505,1778804299.846502,3.5,-180.0,92.0,2940,1912,0.82,0.82,0.0,0.0,pix
real_001_s001_2026-05-15_02-18-02-693,001,001,1,P002,P002.ppm,212,17.168172,1778804299.863168,3.516667,-180.0,92.0,2940,1912,0.82,0.82,0.0,0.0,pix
real_001_s001_2026-05-15_02-18-02-693,001,001,1,P002,P002.ppm,213,17.184839,1778804299.879835,3.533333,-180.0,92.0,2940,1912,0.82,0.82,0.0,0.0,pix
real_001_s001_2026-05-15_02-18-02-693,001,001,1,P002,P002.ppm,214,17.201505,1778804299.896502,3.55,-180.0,92.0,2940,1912,0.82,0.82,0.0,0.0,pix
real_001_s001_2026-05-15_02-18-02-693,001,001,1,P002,P002.ppm,215,17.218172,1778804299.913168,3.566667,-180.0,92.0,2940,1912,0.82,0.82,0.0,0.0,pix
real_001_s001_2026-05-15_02-18-02-693,001,001,1,P002,P002.ppm,216,17.234839,1778804299.929835,3.583333,-180.0,92.0,2940,1912,0.82,0.82,0.0,0.0,pix
real_001_s001_2026-05-15_02-18-02-693,001,001,1,P002,P002.ppm,217,17.251505,1778804299.946502,3.6,-180.0,92.0,2940,1912,0.82,0.82,0.0,0.0,pix
real_001_s001_2026-05-15_02-18-02-693,001,001,1,P002,P002.ppm,218,17.268172,1778804299.963168,3.616667,-180.0,92.0,2940,1912,0.82,0.82,0.0,0.0,pix
real_001_s001_2026-05-15_02-18-02-693,001,001,1,P002,P002.ppm,219,17.284839,1778804299.979835,3.633333,-180.0,92.0,2940,1912,0.82,0.82,0.0,0.0,pix
real_001_s001_2026-05-15_02-18-02-693,001,001,1,P002,P002.ppm,220,17.301505,1778804299.996502,3.65,-180.0,92.0,2940,1912,0.82,0.82,0.0,0.0,pix
real_001_s001_2026-05-15_02-18-02-693,001,001,1,P002,P002.ppm,221,17.318172,1778804300.013169,3.666667,-180.0,92.0,2940,1912,0.82,0.82,0.0,0.0,pix
real_001_s001_2026-05-15_02-18-02-693,001,001,1,P002,P002.ppm,222,17.334839,1778804300.029835,3.683333,-180.0,92.0,2940,1912,0.82,0.82,0.0,0.0,pix
real_001_s001_2026-05-15_02-18-02-693,001,001,1,P002,P002.ppm,223,17.351505,1778804300.046502,3.7,-180.0,92.0,2940,1912,0.82,0.82,0.0,0.0,pix
real_001_s001_2026-05-15_02-18-02-693,001,001,1,P002,P002.ppm,224,17.368172,1778804300.063169,3.716667,-180.0,92.0,2940,1912,0.82,0.82,0.0,0.0,pix
real_001_s001_2026-05-15_02-18-02-693,001,001,1,P002,P002.ppm,225,17.384839,1778804300.079835,3.733333,-180.0,92.0,2940,1912,0.82,0.82,0.0,0.0,pix
real_001_s001_2026-05-15_02-18-02-693,001,001,1,P002,P002.ppm,226,17.401505,1778804300.096502,3.75,-180.0,92.0,2940,1912,0.82,0.82,0.0,0.0,pix
real_001_s001_2026-05-15_02-18-02-693,001,001,1,P002,P002.ppm,227,17.418172,1778804300.113168,3.766667,-180.0,92.0,2940,1912,0.82,0.82,0.0,0.0,pix
real_001_s001_2026-05-15_02-18-02-693,001,001,1,P002,P002.ppm,228,17.434839,1778804300.129835,3.783333,-180.0,92.0,2940,1912,0.82,0.82,0.0,0.0,pix
real_001_s001_2026-05-15_02-18-02-693,001,001,1,P002,P002.ppm,229,17.451505,1778804300.146502,3.8,-180.0,92.0,2940,1912,0.82,0.82,0.0,0.0,pix
real_001_s001_2026-05-15_02-18-02-693,001,001,1,P002,P002.ppm,230,17.468172,1778804300.163168,3.816667,-180.0,92.0,2940,1912,0.82,0.82,0.0,0.0,pix
real_001_s001_2026-05-15_02-18-02-693,001,001,1,P002,P002.ppm,231,17.484839,1778804300.179835,3.833333,-180.0,92.0,2940,1912,0.82,0.82,0.0,0.0,pix
real_001_s001_2026-05-15_02-18-02-693,001,001,1,P002,P002.ppm,232,17.501505,1778804300.196502,3.85,-180.0,92.0,2940,1912,0.82,0.82,0.0,0.0,pix
real_001_s001_2026-05-15_02-18-02-693,001,001,1,P002,P002.ppm,233,17.518172,1778804300.213168,3.866667,-180.0,92.0,2940,1912,0.82,0.82,0.0,0.0,pix
real_001_s001_2026-05-15_02-18-02-693,001,001,1,P002,P002.ppm,234,17.534839,1778804300.229835,3.883333,-180.0,92.0,2940,1912,0.82,0.82,0.0,0.0,pix
real_001_s001_2026-05-15_02-18-02-693,001,001,1,P002,P002.ppm,235,17.551505,1778804300.246502,3.9,-180.0,92.0,2940,1912,0.82,0.82,0.0,0.0,pix
real_001_s001_2026-05-15_02-18-02-693,001,001,1,P002,P002.ppm,236,17.568172,1778804300.263169,3.916667,-180.0,92.0,2940,1912,0.82,0.82,0.0,0.0,pix
real_001_s001_2026-05-15_02-18-02-693,001,001,1,P002,P002.ppm,237,17.584839,1778804300.279835,3.933333,-180.0,92.0,2940,1912,0.82,0.82,0.0,0.0,pix
real_001_s001_2026-05-15_02-18-02-693,001,001,1,P002,P002.ppm,238,17.601505,1778804300.296502,3.95,-180.0,92.0,2940,1912,0.82,0.82,0.0,0.0,pix
real_001_s001_2026-05-15_02-18-02-693,001,001,1,P002,P002.ppm,239,17.618172,1778804300.313169,3.966667,-180.0,92.0,2940,1912,0.82,0.82,0.0,0.0,pix
real_001_s001_2026-05-15_02-18-02-693,001,001,1,P002,P002.ppm,240,17.634839,1778804300.329835,3.983333,-180.0,92.0,2940,1912,0.82,0.82,0.0,0.0,pix
real_001_s001_2026-05-15_02-18-02-693,001,001,1,P002,P002.ppm,241,17.651505,1778804300.346502,4.0,-180.0,92.0,2940,1912,0.82,0.82,0.0,0.0,pix
real_001_s001_2026-05-15_02-18-02-693,001,001,1,P002,P002.ppm,242,17.668172,1778804300.363168,4.016667,-180.0,92.0,2940,1912,0.82,0.82,0.0,0.0,pix
real_001_s001_2026-05-15_02-18-02-693,001,001,1,P002,P002.ppm,243,17.684839,1778804300.379835,4.033333,-180.0,92.0,2940,1912,0.82,0.82,0.0,0.0,pix
real_001_s001_2026-05-15_02-18-02-693,001,001,1,P002,P002.ppm,244,17.701505,1778804300.396502,4.05,-180.0,92.0,2940,1912,0.82,0.82,0.0,0.0,pix
real_001_s001_2026-05-15_02-18-02-693,001,001,1,P002,P002.ppm,245,17.718172,1778804300.413168,4.066667,-180.0,92.0,2940,1912,0.82,0.82,0.0,0.0,pix
real_001_s001_2026-05-15_02-18-02-693,001,001,1,P002,P002.ppm,246,17.734839,1778804300.429835,4.083333,-180.0,92.0,2940,1912,0.82,0.82,0.0,0.0,pix
real_001_s001_2026-05-15_02-18-02-693,001,001,1,P002,P002.ppm,247,17.751505,1778804300.446502,4.1,-180.0,92.0,2940,1912,0.82,0.82,0.0,0.0,pix
real_001_s001_2026-05-15_02-18-02-693,001,001,1,P002,P002.ppm,248,17.768172,1778804300.463168,4.116667,-180.0,92.0,2940,1912,0.82,0.82,0.0,0.0,pix
real_001_s001_2026-05-15_02-18-02-693,001,001,1,P002,P002.ppm,249,17.784839,1778804300.479835,4.133333,-180.0,92.0,2940,1912,0.82,0.82,0.0,0.0,pix
real_001_s001_2026-05-15_02-18-02-693,001,001,1,P002,P002.ppm,250,17.801505,1778804300.496502,4.15,-180.0,92.0,2940,1912,0.82,0.82,0.0,0.0,pix
real_001_s001_2026-05-15_02-18-02-693,001,001,1,P002,P002.ppm,251,17.818172,1778804300.513169,4.166667,-180.0,92.0,2940,1912,0.82,0.82,0.0,0.0,pix
real_001_s001_2026-05-15_02-18-02-693,001,001,1,P002,P002.ppm,252,17.834839,1778804300.529835,4.183333,-180.0,92.0,2940,1912,0.82,0.82,0.0,0.0,pix
real_001_s001_2026-05-15_02-18-02-693,001,001,1,P002,P002.ppm,253,17.851505,1778804300.546502,4.2,-180.0,92.0,2940,1912,0.82,0.82,0.0,0.0,pix
real_001_s001_2026-05-15_02-18-02-693,001,001,1,P002,P002.ppm,254,17.868172,1778804300.563169,4.216667,-180.0,92.0,2940,1912,0.82,0.82,0.0,0.0,pix
real_001_s001_2026-05-15_02-18-02-693,001,001,1,P002,P002.ppm,255,17.884839,1778804300.579835,4.233333,-180.0,92.0,2940,1912,0.82,0.82,0.0,0.0,pix
real_001_s001_2026-05-15_02-18-02-693,001,001,1,P002,P002.ppm,256,17.901505,1778804300.596502,4.25,-180.0,92.0,2940,1912,0.82,0.82,0.0,0.0,pix
real_001_s001_2026-05-15_02-18-02-693,001,001,1,P002,P002.ppm,257,17.918172,1778804300.613168,4.266667,-180.0,92.0,2940,1912,0.82,0.82,0.0,0.0,pix
real_001_s001_2026-05-15_02-18-02-693,001,001,1,P002,P002.ppm,258,17.934839,1778804300.629835,4.283333,-180.0,92.0,2940,1912,0.82,0.82,0.0,0.0,pix
real_001_s001_2026-05-15_02-18-02-693,001,001,1,P002,P002.ppm,259,17.951505,1778804300.646502,4.3,-180.0,92.0,2940,1912,0.82,0.82,0.0,0.0,pix
real_001_s001_2026-05-15_02-18-02-693,001,001,1,P002,P002.ppm,260,17.968172,1778804300.663168,4.316667,-180.0,92.0,2940,1912,0.82,0.82,0.0,0.0,pix
real_001_s001_2026-05-15_02-18-02-693,001,001,1,P002,P002.ppm,261,17.984839,1778804300.679835,4.333333,-180.0,92.0,2940,1912,0.82,0.82,0.0,0.0,pix
real_001_s001_2026-05-15_02-18-02-693,001,001,1,P002,P002.ppm,262,18.001505,1778804300.696502,4.35,-180.0,92.0,2940,1912,0.82,0.82,0.0,0.0,pix
real_001_s001_2026-05-15_02-18-02-693,001,001,1,P002,P002.ppm,263,18.018172,1778804300.713168,4.366667,-180.0,92.0,2940,1912,0.82,0.82,0.0,0.0,pix
real_001_s001_2026-05-15_02-18-02-693,001,001,1,P002,P002.ppm,264,18.034839,1778804300.729835,4.383333,-180.0,92.0,2940,1912,0.82,0.82,0.0,0.0,pix
real_001_s001_2026-05-15_02-18-02-693,001,001,1,P002,P002.ppm,265,18.051505,1778804300.746502,4.4,-180.0,92.0,2940,1912,0.82,0.82,0.0,0.0,pix
real_001_s001_2026-05-15_02-18-02-693,001,001,1,P002,P002.ppm,266,18.068172,1778804300.763169,4.416667,-180.0,92.0,2940,1912,0.82,0.82,0.0,0.0,pix
real_001_s001_2026-05-15_02-18-02-693,001,001,1,P002,P002.ppm,267,18.084839,1778804300.779835,4.433333,-180.0,92.0,2940,1912,0.82,0.82,0.0,0.0,pix
real_001_s001_2026-05-15_02-18-02-693,001,001,1,P002,P002.ppm,268,18.101505,1778804300.796502,4.45,-180.0,92.0,2940,1912,0.82,0.82,0.0,0.0,pix
real_001_s001_2026-05-15_02-18-02-693,001,001,1,P002,P002.ppm,269,18.118172,1778804300.813169,4.466667,-180.0,92.0,2940,1912,0.82,0.82,0.0,0.0,pix
real_001_s001_2026-05-15_02-18-02-693,001,001,1,P002,P002.ppm,270,18.134839,1778804300.829835,4.483333,-180.0,92.0,2940,1912,0.82,0.82,0.0,0.0,pix
real_001_s001_2026-05-15_02-18-02-693,001,001,1,P002,P002.ppm,271,18.151505,1778804300.846502,4.5,-180.0,92.0,2940,1912,0.82,0.82,0.0,0.0,pix
real_001_s001_2026-05-15_02-18-02-693,001,001,1,P002,P002.ppm,272,18.168172,1778804300.863168,4.516667,-180.0,92.0,2940,1912,0.82,0.82,0.0,0.0,pix
real_001_s001_2026-05-15_02-18-02-693,001,001,1,P002,P002.ppm,273,18.184839,1778804300.879835,4.533333,-180.0,92.0,2940,1912,0.82,0.82,0.0,0.0,pix
real_001_s001_2026-05-15_02-18-02-693,001,001,1,P002,P002.ppm,274,18.201505,1778804300.896502,4.55,-180.0,92.0,2940,1912,0.82,0.82,0.0,0.0,pix
real_001_s001_2026-05-15_02-18-02-693,001,001,1,P002,P002.ppm,275,18.218172,1778804300.913168,4.566667,-180.0,92.0,2940,1912,0.82,0.82,0.0,0.0,pix
real_001_s001_2026-05-15_02-18-02-693,001,001,1,P002,P002.ppm,276,18.234839,1778804300.929835,4.583333,-180.0,92.0,2940,1912,0.82,0.82,0.0,0.0,pix
real_001_s001_2026-05-15_02-18-02-693,001,001,1,P002,P002.ppm,277,18.251505,1778804300.946502,4.6,-180.0,92.0,2940,1912,0.82,0.82,0.0,0.0,pix
real_001_s001_2026-05-15_02-18-02-693,001,001,1,P002,P002.ppm,278,18.268172,1778804300.963168,4.616667,-180.0,92.0,2940,1912,0.82,0.82,0.0,0.0,pix
real_001_s001_2026-05-15_02-18-02-693,001,001,1,P002,P002.ppm,279,18.284839,1778804300.979835,4.633333,-180.0,92.0,2940,1912,0.82,0.82,0.0,0.0,pix
real_001_s001_2026-05-15_02-18-02-693,001,001,1,P002,P002.ppm,280,18.301505,1778804300.996502,4.65,-180.0,92.0,2940,1912,0.82,0.82,0.0,0.0,pix
real_001_s001_2026-05-15_02-18-02-693,001,001,1,P002,P002.ppm,281,18.318172,1778804301.013169,4.666667,-180.0,92.0,2940,1912,0.82,0.82,0.0,0.0,pix
real_001_s001_2026-05-15_02-18-02-693,001,001,1,P002,P002.ppm,282,18.334839,1778804301.029835,4.683333,-180.0,92.0,2940,1912,0.82,0.82,0.0,0.0,pix
real_001_s001_2026-05-15_02-18-02-693,001,001,1,P002,P002.ppm,283,18.351505,1778804301.046502,4.7,-180.0,92.0,2940,1912,0.82,0.82,0.0,0.0,pix
real_001_s001_2026-05-15_02-18-02-693,001,001,1,P002,P002.ppm,284,18.368172,1778804301.063169,4.716667,-180.0,92.0,2940,1912,0.82,0.82,0.0,0.0,pix
real_001_s001_2026-05-15_02-18-02-693,001,001,1,P002,P002.ppm,285,18.384839,1778804301.079835,4.733333,-180.0,92.0,2940,1912,0.82,0.82,0.0,0.0,pix
real_001_s001_2026-05-15_02-18-02-693,001,001,1,P002,P002.ppm,286,18.401505,1778804301.096502,4.75,-180.0,92.0,2940,1912,0.82,0.82,0.0,0.0,pix
real_001_s001_2026-05-15_02-18-02-693,001,001,1,P002,P002.ppm,287,18.418172,1778804301.113168,4.766667,-180.0,92.0,2940,1912,0.82,0.82,0.0,0.0,pix
real_001_s001_2026-05-15_02-18-02-693,001,001,1,P002,P002.ppm,288,18.434839,1778804301.129835,4.783333,-180.0,92.0,2940,1912,0.82,0.82,0.0,0.0,pix
real_001_s001_2026-05-15_02-18-02-693,001,001,1,P002,P002.ppm,289,18.451505,1778804301.146502,4.8,-180.0,92.0,2940,1912,0.82,0.82,0.0,0.0,pix
real_001_s001_2026-05-15_02-18-02-693,001,001,1,P002,P002.ppm,290,18.468172,1778804301.163168,4.816667,-180.0,92.0,2940,1912,0.82,0.82,0.0,0.0,pix
real_001_s001_2026-05-15_02-18-02-693,001,001,1,P002,P002.ppm,291,18.484839,1778804301.179835,4.833333,-180.0,92.0,2940,1912,0.82,0.82,0.0,0.0,pix
real_001_s001_2026-05-15_02-18-02-693,001,001,1,P002,P002.ppm,292,18.501505,1778804301.196502,4.85,-180.0,92.0,2940,1912,0.82,0.82,0.0,0.0,pix
real_001_s001_2026-05-15_02-18-02-693,001,001,1,P002,P002.ppm,293,18.518172,1778804301.213168,4.866667,-180.0,92.0,2940,1912,0.82,0.82,0.0,0.0,pix
real_001_s001_2026-05-15_02-18-02-693,001,001,1,P002,P002.ppm,294,18.534839,1778804301.229835,4.883333,-180.0,92.0,2940,1912,0.82,0.82,0.0,0.0,pix
real_001_s001_2026-05-15_02-18-02-693,001,001,1,P002,P002.ppm,295,18.551505,1778804301.246502,4.9,-180.0,92.0,2940,1912,0.82,0.82,0.0,0.0,pix
real_001_s001_2026-05-15_02-18-02-693,001,001,1,P002,P002.ppm,296,18.568172,1778804301.263169,4.916667,-180.0,92.0,2940,1912,0.82,0.82,0.0,0.0,pix
real_001_s001_2026-05-15_02-18-02-693,001,001,1,P002,P002.ppm,297,18.584839,1778804301.279835,4.933333,-180.0,92.0,2940,1912,0.82,0.82,0.0,0.0,pix
real_001_s001_2026-05-15_02-18-02-693,001,001,1,P002,P002.ppm,298,18.601505,1778804301.296502,4.95,-180.0,92.0,2940,1912,0.82,0.82,0.0,0.0,pix
real_001_s001_2026-05-15_02-18-02-693,001,001,1,P002,P002.ppm,299,18.618172,1778804301.313169,4.966667,-180.0,92.0,2940,1912,0.82,0.82,0.0,0.0,pix
real_001_s001_2026-05-15_02-18-02-693,001,001,1,P002,P002.ppm,300,18.634839,1778804301.329835,4.983333,-180.0,92.0,2940,1912,0.82,0.82,0.0,0.0,pix
real_001_s001_2026-05-15_02-18-02-693,001,001,1,P002,P002.ppm,301,18.651505,1778804301.346502,5.0,-180.0,92.0,2940,1912,0.82,0.82,0.0,0.0,pix
real_001_s001_2026-05-15_02-18-02-693,001,001,1,P002,P002.ppm,302,18.668172,1778804301.363168,5.016667,-180.0,92.0,2940,1912,0.82,0.82,0.0,0.0,pix
real_001_s001_2026-05-15_02-18-02-693,001,001,1,P002,P002.ppm,303,18.684839,1778804301.379835,5.033333,-180.0,92.0,2940,1912,0.82,0.82,0.0,0.0,pix
real_001_s001_2026-05-15_02-18-02-693,001,001,1,P002,P002.ppm,304,18.701505,1778804301.396502,5.05,-180.0,92.0,2940,1912,0.82,0.82,0.0,0.0,pix
real_001_s001_2026-05-15_02-18-02-693,001,001,1,P002,P002.ppm,305,18.718172,1778804301.413168,5.066667,-180.0,92.0,2940,1912,0.82,0.82,0.0,0.0,pix
real_001_s001_2026-05-15_02-18-02-693,001,001,1,P002,P002.ppm,306,18.734839,1778804301.429835,5.083333,-180.0,92.0,2940,1912,0.82,0.82,0.0,0.0,pix
real_001_s001_2026-05-15_02-18-02-693,001,001,1,P002,P002.ppm,307,18.751505,1778804301.446502,5.1,-180.0,92.0,2940,1912,0.82,0.82,0.0,0.0,pix
real_001_s001_2026-05-15_02-18-02-693,001,001,1,P002,P002.ppm,308,18.768172,1778804301.463168,5.116667,-180.0,92.0,2940,1912,0.82,0.82,0.0,0.0,pix
real_001_s001_2026-05-15_02-18-02-693,001,001,1,P002,P002.ppm,309,18.784839,1778804301.479835,5.133333,-180.0,92.0,2940,1912,0.82,0.82,0.0,0.0,pix
real_001_s001_2026-05-15_02-18-02-693,001,001,1,P002,P002.ppm,310,18.801505,1778804301.496502,5.15,-180.0,92.0,2940,1912,0.82,0.82,0.0,0.0,pix
real_001_s001_2026-05-15_02-18-02-693,001,001,1,P002,P002.ppm,311,18.818172,1778804301.513169,5.166667,-180.0,92.0,2940,1912,0.82,0.82,0.0,0.0,pix
real_001_s001_2026-05-15_02-18-02-693,001,001,1,P002,P002.ppm,312,18.834839,1778804301.529835,5.183333,-180.0,92.0,2940,1912,0.82,0.82,0.0,0.0,pix
real_001_s001_2026-05-15_02-18-02-693,001,001,1,P002,P002.ppm,313,18.851505,1778804301.546502,5.2,-180.0,92.0,2940,1912,0.82,0.82,0.0,0.0,pix
real_001_s001_2026-05-15_02-18-02-693,001,001,1,P002,P002.ppm,314,18.868172,1778804301.563169,5.216667,-180.0,92.0,2940,1912,0.82,0.82,0.0,0.0,pix
real_001_s001_2026-05-15_02-18-02-693,001,001,1,P002,P002.ppm,315,18.884839,1778804301.579835,5.233333,-180.0,92.0,2940,1912,0.82,0.82,0.0,0.0,pix
real_001_s001_2026-05-15_02-18-02-693,001,001,1,P002,P002.ppm,316,18.901505,1778804301.596502,5.25,-180.0,92.0,2940,1912,0.82,0.82,0.0,0.0,pix
real_001_s001_2026-05-15_02-18-02-693,001,001,1,P002,P002.ppm,317,18.918172,1778804301.613168,5.266667,-180.0,92.0,2940,1912,0.82,0.82,0.0,0.0,pix
real_001_s001_2026-05-15_02-18-02-693,001,001,1,P002,P002.ppm,318,18.934839,1778804301.629835,5.283333,-180.0,92.0,2940,1912,0.82,0.82,0.0,0.0,pix
real_001_s001_2026-05-15_02-18-02-693,001,001,1,P002,P002.ppm,319,18.951505,1778804301.646502,5.3,-180.0,92.0,2940,1912,0.82,0.82,0.0,0.0,pix
real_001_s001_2026-05-15_02-18-02-693,001,001,1,P002,P002.ppm,320,18.968172,1778804301.663168,5.316667,-180.0,92.0,2940,1912,0.82,0.82,0.0,0.0,pix
real_001_s001_2026-05-15_02-18-02-693,001,001,1,P002,P002.ppm,321,18.984839,1778804301.679835,5.333333,-180.0,92.0,2940,1912,0.82,0.82,0.0,0.0,pix
real_001_s001_2026-05-15_02-18-02-693,001,001,1,P002,P002.ppm,322,19.001505,1778804301.696502,5.35,-180.0,92.0,2940,1912,0.82,0.82,0.0,0.0,pix
real_001_s001_2026-05-15_02-18-02-693,001,001,1,P002,P002.ppm,323,19.018172,1778804301.713168,5.366667,-180.0,92.0,2940,1912,0.82,0.82,0.0,0.0,pix
real_001_s001_2026-05-15_02-18-02-693,001,001,1,P002,P002.ppm,324,19.034839,1778804301.729835,5.383333,-180.0,92.0,2940,1912,0.82,0.82,0.0,0.0,pix
real_001_s001_2026-05-15_02-18-02-693,001,001,1,P002,P002.ppm,325,19.051505,1778804301.746502,5.4,-180.0,92.0,2940,1912,0.82,0.82,0.0,0.0,pix
real_001_s001_2026-05-15_02-18-02-693,001,001,1,P002,P002.ppm,326,19.068172,1778804301.763169,5.416667,-180.0,92.0,2940,1912,0.82,0.82,0.0,0.0,pix
real_001_s001_2026-05-15_02-18-02-693,001,001,1,P002,P002.ppm,327,19.084839,1778804301.779835,5.433333,-180.0,92.0,2940,1912,0.82,0.82,0.0,0.0,pix
real_001_s001_2026-05-15_02-18-02-693,001,001,1,P002,P002.ppm,328,19.101505,1778804301.796502,5.45,-180.0,92.0,2940,1912,0.82,0.82,0.0,0.0,pix
real_001_s001_2026-05-15_02-18-02-693,001,001,1,P002,P002.ppm,329,19.118172,1778804301.813169,5.466667,-180.0,92.0,2940,1912,0.82,0.82,0.0,0.0,pix
real_001_s001_2026-05-15_02-18-02-693,001,001,1,P002,P002.ppm,330,19.134839,1778804301.829835,5.483333,-180.0,92.0,2940,1912,0.82,0.82,0.0,0.0,pix
real_001_s001_2026-05-15_02-18-02-693,001,001,1,P002,P002.ppm,331,19.151505,1778804301.846502,5.5,-180.0,92.0,2940,1912,0.82,0.82,0.0,0.0,pix
real_001_s001_2026-05-15_02-18-02-693,001,001,1,P002,P002.ppm,332,19.168172,1778804301.863168,5.516667,-180.0,92.0,2940,1912,0.82,0.82,0.0,0.0,pix
real_001_s001_2026-05-15_02-18-02-693,001,001,1,P002,P002.ppm,333,19.184839,1778804301.879835,5.533333,-180.0,92.0,2940,1912,0.82,0.82,0.0,0.0,pix
real_001_s001_2026-05-15_02-18-02-693,001,001,1,P002,P002.ppm,334,19.201505,1778804301.896502,5.55,-180.0,92.0,2940,1912,0.82,0.82,0.0,0.0,pix
real_001_s001_2026-05-15_02-18-02-693,001,001,1,P002,P002.ppm,335,19.218172,1778804301.913168,5.566667,-180.0,92.0,2940,1912,0.82,0.82,0.0,0.0,pix
real_001_s001_2026-05-15_02-18-02-693,001,001,1,P002,P002.ppm,336,19.234839,1778804301.929835,5.583333,-180.0,92.0,2940,1912,0.82,0.82,0.0,0.0,pix
real_001_s001_2026-05-15_02-18-02-693,001,001,1,P002,P002.ppm,337,19.251505,1778804301.946502,5.6,-180.0,92.0,2940,1912,0.82,0.82,0.0,0.0,pix
real_001_s001_2026-05-15_02-18-02-693,001,001,1,P002,P002.ppm,338,19.268172,1778804301.963168,5.616667,-180.0,92.0,2940,1912,0.82,0.82,0.0,0.0,pix
real_001_s001_2026-05-15_02-18-02-693,001,001,1,P002,P002.ppm,339,19.284839,1778804301.979835,5.633333,-180.0,92.0,2940,1912,0.82,0.82,0.0,0.0,pix
real_001_s001_2026-05-15_02-18-02-693,001,001,1,P002,P002.ppm,340,19.301505,1778804301.996502,5.65,-180.0,92.0,2940,1912,0.82,0.82,0.0,0.0,pix
real_001_s001_2026-05-15_02-18-02-693,001,001,1,P002,P002.ppm,341,19.318172,1778804302.013169,5.666667,-180.0,92.0,2940,1912,0.82,0.82,0.0,0.0,pix
real_001_s001_2026-05-15_02-18-02-693,001,001,1,P002,P002.ppm,342,19.334839,1778804302.029835,5.683333,-180.0,92.0,2940,1912,0.82,0.82,0.0,0.0,pix
real_001_s001_2026-05-15_02-18-02-693,001,001,1,P002,P002.ppm,343,19.351505,1778804302.046502,5.7,-180.0,92.0,2940,1912,0.82,0.82,0.0,0.0,pix
real_001_s001_2026-05-15_02-18-02-693,001,001,1,P002,P002.ppm,344,19.368172,1778804302.063169,5.716667,-180.0,92.0,2940,1912,0.82,0.82,0.0,0.0,pix
real_001_s001_2026-05-15_02-18-02-693,001,001,1,P002,P002.ppm,345,19.384839,1778804302.079835,5.733333,-180.0,92.0,2940,1912,0.82,0.82,0.0,0.0,pix
real_001_s001_2026-05-15_02-18-02-693,001,001,1,P002,P002.ppm,346,19.401505,1778804302.096502,5.75,-180.0,92.0,2940,1912,0.82,0.82,0.0,0.0,pix
real_001_s001_2026-05-15_02-18-02-693,001,001,1,P002,P002.ppm,347,19.418172,1778804302.113168,5.766667,-180.0,92.0,2940,1912,0.82,0.82,0.0,0.0,pix
real_001_s001_2026-05-15_02-18-02-693,001,001,1,P002,P002.ppm,348,19.434839,1778804302.129835,5.783333,-180.0,92.0,2940,1912,0.82,0.82,0.0,0.0,pix
real_001_s001_2026-05-15_02-18-02-693,001,001,1,P002,P002.ppm,349,19.451505,1778804302.146502,5.8,-180.0,92.0,2940,1912,0.82,0.82,0.0,0.0,pix
real_001_s001_2026-05-15_02-18-02-693,001,001,1,P002,P002.ppm,350,19.468172,1778804302.163168,5.816667,-180.0,92.0,2940,1912,0.82,0.82,0.0,0.0,pix
real_001_s001_2026-05-15_02-18-02-693,001,001,1,P002,P002.ppm,351,19.484839,1778804302.179835,5.833333,-180.0,92.0,2940,1912,0.82,0.82,0.0,0.0,pix
real_001_s001_2026-05-15_02-18-02-693,001,001,1,P002,P002.ppm,352,19.501505,1778804302.196502,5.85,-180.0,92.0,2940,1912,0.82,0.82,0.0,0.0,pix
real_001_s001_2026-05-15_02-18-02-693,001,001,1,P002,P002.ppm,353,19.518172,1778804302.213168,5.866667,-180.0,92.0,2940,1912,0.82,0.82,0.0,0.0,pix
real_001_s001_2026-05-15_02-18-02-693,001,001,1,P002,P002.ppm,354,19.534839,1778804302.229835,5.883333,-180.0,92.0,2940,1912,0.82,0.82,0.0,0.0,pix
real_001_s001_2026-05-15_02-18-02-693,001,001,1,P002,P002.ppm,355,19.551505,1778804302.246502,5.9,-180.0,92.0,2940,1912,0.82,0.82,0.0,0.0,pix
real_001_s001_2026-05-15_02-18-02-693,001,001,1,P002,P002.ppm,356,19.568172,1778804302.263169,5.916667,-180.0,92.0,2940,1912,0.82,0.82,0.0,0.0,pix
real_001_s001_2026-05-15_02-18-02-693,001,001,1,P002,P002.ppm,357,19.584839,1778804302.279835,5.933333,-180.0,92.0,2940,1912,0.82,0.82,0.0,0.0,pix
real_001_s001_2026-05-15_02-18-02-693,001,001,1,P002,P002.ppm,358,19.601505,1778804302.296502,5.95,-180.0,92.0,2940,1912,0.82,0.82,0.0,0.0,pix
real_001_s001_2026-05-15_02-18-02-693,001,001,1,P002,P002.ppm,359,19.618172,1778804302.313169,5.966667,-180.0,92.0,2940,1912,0.82,0.82,0.0,0.0,pix
real_001_s001_2026-05-15_02-18-02-693,001,001,1,P002,P002.ppm,360,19.634839,1778804302.329835,5.983333,-180.0,92.0,2940,1912,0.82,0.82,0.0,0.0,pix
real_001_s001_2026-05-15_02-18-02-693,001,001,1,P002,P002.ppm,361,19.651505,1778804302.346502,6.0,-180.0,92.0,2940,1912,0.82,0.82,0.0,0.0,pix
real_001_s001_2026-05-15_02-18-02-693,001,001,1,P002,P002.ppm,362,19.668172,1778804302.363168,6.016667,-180.0,92.0,2940,1912,0.82,0.82,0.0,0.0,pix
real_001_s001_2026-05-15_02-18-02-693,001,001,1,P002,P002.ppm,363,19.684839,1778804302.379835,6.033333,-180.0,92.0,2940,1912,0.82,0.82,0.0,0.0,pix
real_001_s001_2026-05-15_02-18-02-693,001,001,1,P002,P002.ppm,364,19.701505,1778804302.396502,6.05,-180.0,92.0,2940,1912,0.82,0.82,0.0,0.0,pix
real_001_s001_2026-05-15_02-18-02-693,001,001,1,P002,P002.ppm,365,19.718172,1778804302.413168,6.066667,-180.0,92.0,2940,1912,0.82,0.82,0.0,0.0,pix
real_001_s001_2026-05-15_02-18-02-693,001,001,1,P002,P002.ppm,366,19.734839,1778804302.429835,6.083333,-180.0,92.0,2940,1912,0.82,0.82,0.0,0.0,pix
real_001_s001_2026-05-15_02-18-02-693,001,001,1,P002,P002.ppm,367,19.751505,1778804302.446502,6.1,-180.0,92.0,2940,1912,0.82,0.82,0.0,0.0,pix
real_001_s001_2026-05-15_02-18-02-693,001,001,1,P002,P002.ppm,368,19.768172,1778804302.463168,6.116667,-180.0,92.0,2940,1912,0.82,0.82,0.0,0.0,pix
real_001_s001_2026-05-15_02-18-02-693,001,001,1,P002,P002.ppm,369,19.784839,1778804302.479835,6.133333,-180.0,92.0,2940,1912,0.82,0.82,0.0,0.0,pix
real_001_s001_2026-05-15_02-18-02-693,001,001,1,P002,P002.ppm,370,19.801505,1778804302.496502,6.15,-180.0,92.0,2940,1912,0.82,0.82,0.0,0.0,pix
real_001_s001_2026-05-15_02-18-02-693,001,001,1,P002,P002.ppm,371,19.818172,1778804302.513169,6.166667,-180.0,92.0,2940,1912,0.82,0.82,0.0,0.0,pix
real_001_s001_2026-05-15_02-18-02-693,001,001,1,P002,P002.ppm,372,19.834839,1778804302.529835,6.183333,-180.0,92.0,2940,1912,0.82,0.82,0.0,0.0,pix
real_001_s001_2026-05-15_02-18-02-693,001,001,1,P002,P002.ppm,373,19.851505,1778804302.546502,6.2,-180.0,92.0,2940,1912,0.82,0.82,0.0,0.0,pix
real_001_s001_2026-05-15_02-18-02-693,001,001,1,P002,P002.ppm,374,19.868172,1778804302.563169,6.216667,-180.0,92.0,2940,1912,0.82,0.82,0.0,0.0,pix
real_001_s001_2026-05-15_02-18-02-693,001,001,1,P002,P002.ppm,375,19.884839,1778804302.579835,6.233333,-180.0,92.0,2940,1912,0.82,0.82,0.0,0.0,pix
real_001_s001_2026-05-15_02-18-02-693,001,001,1,P002,P002.ppm,376,19.901505,1778804302.596502,6.25,-180.0,92.0,2940,1912,0.82,0.82,0.0,0.0,pix
real_001_s001_2026-05-15_02-18-02-693,001,001,1,P002,P002.ppm,377,19.918172,1778804302.613168,6.266667,-180.0,92.0,2940,1912,0.82,0.82,0.0,0.0,pix
real_001_s001_2026-05-15_02-18-02-693,001,001,1,P002,P002.ppm,378,19.934839,1778804302.629835,6.283333,-180.0,92.0,2940,1912,0.82,0.82,0.0,0.0,pix
real_001_s001_2026-05-15_02-18-02-693,001,001,1,P002,P002.ppm,379,19.951505,1778804302.646502,6.3,-180.0,92.0,2940,1912,0.82,0.82,0.0,0.0,pix
real_001_s001_2026-05-15_02-18-02-693,001,001,1,P002,P002.ppm,380,19.968172,1778804302.663168,6.316667,-180.0,92.0,2940,1912,0.82,0.82,0.0,0.0,pix
real_001_s001_2026-05-15_02-18-02-693,001,001,1,P002,P002.ppm,381,19.984839,1778804302.679835,6.333333,-180.0,92.0,2940,1912,0.82,0.82,0.0,0.0,pix
real_001_s001_2026-05-15_02-18-02-693,001,001,1,P002,P002.ppm,382,20.001505,1778804302.696502,6.35,-180.0,92.0,2940,1912,0.82,0.82,0.0,0.0,pix
real_001_s001_2026-05-15_02-18-02-693,001,001,1,P002,P002.ppm,383,20.018172,1778804302.713168,6.366667,-180.0,92.0,2940,1912,0.82,0.82,0.0,0.0,pix
real_001_s001_2026-05-15_02-18-02-693,001,001,1,P002,P002.ppm,384,20.034839,1778804302.729835,6.383333,-180.0,92.0,2940,1912,0.82,0.82,0.0,0.0,pix
real_001_s001_2026-05-15_02-18-02-693,001,001,1,P002,P002.ppm,385,20.051505,1778804302.746502,6.4,-180.0,92.0,2940,1912,0.82,0.82,0.0,0.0,pix
real_001_s001_2026-05-15_02-18-02-693,001,001,1,P002,P002.ppm,386,20.068172,1778804302.763169,6.416667,-180.0,92.0,2940,1912,0.82,0.82,0.0,0.0,pix
real_001_s001_2026-05-15_02-18-02-693,001,001,1,P002,P002.ppm,387,20.084839,1778804302.779835,6.433333,-180.0,92.0,2940,1912,0.82,0.82,0.0,0.0,pix
real_001_s001_2026-05-15_02-18-02-693,001,001,1,P002,P002.ppm,388,20.101505,1778804302.796502,6.45,-180.0,92.0,2940,1912,0.82,0.82,0.0,0.0,pix
real_001_s001_2026-05-15_02-18-02-693,001,001,1,P002,P002.ppm,389,20.118172,1778804302.813169,6.466667,-180.0,92.0,2940,1912,0.82,0.82,0.0,0.0,pix
real_001_s001_2026-05-15_02-18-02-693,001,001,1,P002,P002.ppm,390,20.134839,1778804302.829835,6.483333,-180.0,92.0,2940,1912,0.82,0.82,0.0,0.0,pix
real_001_s001_2026-05-15_02-18-02-693,001,001,1,P002,P002.ppm,391,20.151505,1778804302.846502,6.5,-180.0,92.0,2940,1912,0.82,0.82,0.0,0.0,pix
real_001_s001_2026-05-15_02-18-02-693,001,001,1,P002,P002.ppm,392,20.168172,1778804302.863168,6.516667,-180.0,92.0,2940,1912,0.82,0.82,0.0,0.0,pix
real_001_s001_2026-05-15_02-18-02-693,001,001,1,P002,P002.ppm,393,20.184839,1778804302.879835,6.533333,-180.0,92.0,2940,1912,0.82,0.82,0.0,0.0,pix
real_001_s001_2026-05-15_02-18-02-693,001,001,1,P002,P002.ppm,394,20.201505,1778804302.896502,6.55,-180.0,92.0,2940,1912,0.82,0.82,0.0,0.0,pix
real_001_s001_2026-05-15_02-18-02-693,001,001,1,P002,P002.ppm,395,20.218172,1778804302.913168,6.566667,-180.0,92.0,2940,1912,0.82,0.82,0.0,0.0,pix
real_001_s001_2026-05-15_02-18-02-693,001,001,1,P002,P002.ppm,396,20.234839,1778804302.929835,6.583333,-180.0,92.0,2940,1912,0.82,0.82,0.0,0.0,pix
real_001_s001_2026-05-15_02-18-02-693,001,001,1,P002,P002.ppm,397,20.251505,1778804302.946502,6.6,-180.0,92.0,2940,1912,0.82,0.82,0.0,0.0,pix
real_001_s001_2026-05-15_02-18-02-693,001,001,1,P002,P002.ppm,398,20.268172,1778804302.963168,6.616667,-180.0,92.0,2940,1912,0.82,0.82,0.0,0.0,pix
real_001_s001_2026-05-15_02-18-02-693,001,001,1,P002,P002.ppm,399,20.284839,1778804302.979835,6.633333,-180.0,92.0,2940,1912,0.82,0.82,0.0,0.0,pix
real_001_s001_2026-05-15_02-18-02-693,001,001,1,P002,P002.ppm,400,20.301505,1778804302.996502,6.65,-180.0,92.0,2940,1912,0.82,0.82,0.0,0.0,pix
real_001_s001_2026-05-15_02-18-02-693,001,001,1,P002,P002.ppm,401,20.318172,1778804303.013169,6.666667,-180.0,92.0,2940,1912,0.82,0.82,0.0,0.0,pix
real_001_s001_2026-05-15_02-18-02-693,001,001,1,P002,P002.ppm,402,20.334839,1778804303.029835,6.683333,-180.0,92.0,2940,1912,0.82,0.82,0.0,0.0,pix
real_001_s001_2026-05-15_02-18-02-693,001,001,1,P002,P002.ppm,403,20.351505,1778804303.046502,6.7,-180.0,92.0,2940,1912,0.82,0.82,0.0,0.0,pix
real_001_s001_2026-05-15_02-18-02-693,001,001,1,P002,P002.ppm,404,20.368172,1778804303.063169,6.716667,-180.0,92.0,2940,1912,0.82,0.82,0.0,0.0,pix
real_001_s001_2026-05-15_02-18-02-693,001,001,1,P002,P002.ppm,405,20.384839,1778804303.079835,6.733333,-180.0,92.0,2940,1912,0.82,0.82,0.0,0.0,pix
real_001_s001_2026-05-15_02-18-02-693,001,001,1,P002,P002.ppm,406,20.401505,1778804303.096502,6.75,-180.0,92.0,2940,1912,0.82,0.82,0.0,0.0,pix
real_001_s001_2026-05-15_02-18-02-693,001,001,1,P002,P002.ppm,407,20.418172,1778804303.113168,6.766667,-180.0,92.0,2940,1912,0.82,0.82,0.0,0.0,pix
real_001_s001_2026-05-15_02-18-02-693,001,001,1,P002,P002.ppm,408,20.434839,1778804303.129835,6.783333,-180.0,92.0,2940,1912,0.82,0.82,0.0,0.0,pix
real_001_s001_2026-05-15_02-18-02-693,001,001,1,P002,P002.ppm,409,20.451505,1778804303.146502,6.8,-180.0,92.0,2940,1912,0.82,0.82,0.0,0.0,pix
real_001_s001_2026-05-15_02-18-02-693,001,001,1,P002,P002.ppm,410,20.468172,1778804303.163168,6.816667,-180.0,92.0,2940,1912,0.82,0.82,0.0,0.0,pix
real_001_s001_2026-05-15_02-18-02-693,001,001,1,P002,P002.ppm,411,20.484839,1778804303.179835,6.833333,-180.0,92.0,2940,1912,0.82,0.82,0.0,0.0,pix
real_001_s001_2026-05-15_02-18-02-693,001,001,1,P002,P002.ppm,412,20.501505,1778804303.196502,6.85,-180.0,92.0,2940,1912,0.82,0.82,0.0,0.0,pix
real_001_s001_2026-05-15_02-18-02-693,001,001,1,P002,P002.ppm,413,20.518172,1778804303.213168,6.866667,-180.0,92.0,2940,1912,0.82,0.82,0.0,0.0,pix
real_001_s001_2026-05-15_02-18-02-693,001,001,1,P002,P002.ppm,414,20.534839,1778804303.229835,6.883333,-180.0,92.0,2940,1912,0.82,0.82,0.0,0.0,pix
real_001_s001_2026-05-15_02-18-02-693,001,001,1,P002,P002.ppm,415,20.551505,1778804303.246502,6.9,-180.0,92.0,2940,1912,0.82,0.82,0.0,0.0,pix
real_001_s001_2026-05-15_02-18-02-693,001,001,1,P002,P002.ppm,416,20.568172,1778804303.263169,6.916667,-180.0,92.0,2940,1912,0.82,0.82,0.0,0.0,pix
real_001_s001_2026-05-15_02-18-02-693,001,001,1,P002,P002.ppm,417,20.584839,1778804303.279835,6.933333,-180.0,92.0,2940,1912,0.82,0.82,0.0,0.0,pix
real_001_s001_2026-05-15_02-18-02-693,001,001,1,P002,P002.ppm,418,20.601505,1778804303.296502,6.95,-180.0,92.0,2940,1912,0.82,0.82,0.0,0.0,pix
real_001_s001_2026-05-15_02-18-02-693,001,001,1,P002,P002.ppm,419,20.618172,1778804303.313169,6.966667,-180.0,92.0,2940,1912,0.82,0.82,0.0,0.0,pix
real_001_s001_2026-05-15_02-18-02-693,001,001,1,P002,P002.ppm,420,20.634839,1778804303.329835,6.983333,-180.0,92.0,2940,1912,0.82,0.82,0.0,0.0,pix
real_001_s001_2026-05-15_02-18-02-693,001,001,1,P002,P002.ppm,421,20.651505,1778804303.346502,7.0,-180.0,92.0,2940,1912,0.82,0.82,0.0,0.0,pix
real_001_s001_2026-05-15_02-18-02-693,001,001,1,P002,P002.ppm,422,20.668172,1778804303.363168,7.016667,-180.0,92.0,2940,1912,0.82,0.82,0.0,0.0,pix
real_001_s001_2026-05-15_02-18-02-693,001,001,1,P002,P002.ppm,423,20.684839,1778804303.379835,7.033333,-180.0,92.0,2940,1912,0.82,0.82,0.0,0.0,pix
real_001_s001_2026-05-15_02-18-02-693,001,001,1,P002,P002.ppm,424,20.701505,1778804303.396502,7.05,-180.0,92.0,2940,1912,0.82,0.82,0.0,0.0,pix
real_001_s001_2026-05-15_02-18-02-693,001,001,1,P002,P002.ppm,425,20.718172,1778804303.413168,7.066667,-180.0,92.0,2940,1912,0.82,0.82,0.0,0.0,pix
real_001_s001_2026-05-15_02-18-02-693,001,001,1,P002,P002.ppm,426,20.734839,1778804303.429835,7.083333,-180.0,92.0,2940,1912,0.82,0.82,0.0,0.0,pix
real_001_s001_2026-05-15_02-18-02-693,001,001,1,P002,P002.ppm,427,20.751505,1778804303.446502,7.1,-180.0,92.0,2940,1912,0.82,0.82,0.0,0.0,pix
real_001_s001_2026-05-15_02-18-02-693,001,001,1,P002,P002.ppm,428,20.768172,1778804303.463168,7.116667,-180.0,92.0,2940,1912,0.82,0.82,0.0,0.0,pix
real_001_s001_2026-05-15_02-18-02-693,001,001,1,P002,P002.ppm,429,20.784839,1778804303.479835,7.133333,-180.0,92.0,2940,1912,0.82,0.82,0.0,0.0,pix
real_001_s001_2026-05-15_02-18-02-693,001,001,1,P002,P002.ppm,430,20.801505,1778804303.496502,7.15,-180.0,92.0,2940,1912,0.82,0.82,0.0,0.0,pix
real_001_s001_2026-05-15_02-18-02-693,001,001,1,P002,P002.ppm,431,20.818172,1778804303.513169,7.166667,-180.0,92.0,2940,1912,0.82,0.82,0.0,0.0,pix
real_001_s001_2026-05-15_02-18-02-693,001,001,1,P002,P002.ppm,432,20.834839,1778804303.529835,7.183333,-180.0,92.0,2940,1912,0.82,0.82,0.0,0.0,pix
real_001_s001_2026-05-15_02-18-02-693,001,001,1,P002,P002.ppm,433,20.851505,1778804303.546502,7.2,-180.0,92.0,2940,1912,0.82,0.82,0.0,0.0,pix
real_001_s001_2026-05-15_02-18-02-693,001,001,1,P002,P002.ppm,434,20.868172,1778804303.563169,7.216667,-180.0,92.0,2940,1912,0.82,0.82,0.0,0.0,pix
real_001_s001_2026-05-15_02-18-02-693,001,001,1,P002,P002.ppm,435,20.884839,1778804303.579835,7.233333,-180.0,92.0,2940,1912,0.82,0.82,0.0,0.0,pix
real_001_s001_2026-05-15_02-18-02-693,001,001,1,P002,P002.ppm,436,20.901505,1778804303.596502,7.25,-180.0,92.0,2940,1912,0.82,0.82,0.0,0.0,pix
real_001_s001_2026-05-15_02-18-02-693,001,001,1,P002,P002.ppm,437,20.918172,1778804303.613168,7.266667,-180.0,92.0,2940,1912,0.82,0.82,0.0,0.0,pix
real_001_s001_2026-05-15_02-18-02-693,001,001,1,P002,P002.ppm,438,20.934839,1778804303.629835,7.283333,-180.0,92.0,2940,1912,0.82,0.82,0.0,0.0,pix
real_001_s001_2026-05-15_02-18-02-693,001,001,1,P002,P002.ppm,439,20.951505,1778804303.646502,7.3,-180.0,92.0,2940,1912,0.82,0.82,0.0,0.0,pix
real_001_s001_2026-05-15_02-18-02-693,001,001,1,P002,P002.ppm,440,20.968172,1778804303.663168,7.316667,-180.0,92.0,2940,1912,0.82,0.82,0.0,0.0,pix
real_001_s001_2026-05-15_02-18-02-693,001,001,1,P002,P002.ppm,441,20.984839,1778804303.679835,7.333333,-180.0,92.0,2940,1912,0.82,0.82,0.0,0.0,pix
real_001_s001_2026-05-15_02-18-02-693,001,001,1,P002,P002.ppm,442,21.001505,1778804303.696502,7.35,-180.0,92.0,2940,1912,0.82,0.82,0.0,0.0,pix
real_001_s001_2026-05-15_02-18-02-693,001,001,1,P002,P002.ppm,443,21.018172,1778804303.713168,7.366667,-180.0,92.0,2940,1912,0.82,0.82,0.0,0.0,pix
real_001_s001_2026-05-15_02-18-02-693,001,001,1,P002,P002.ppm,444,21.034839,1778804303.729835,7.383333,-180.0,92.0,2940,1912,0.82,0.82,0.0,0.0,pix
real_001_s001_2026-05-15_02-18-02-693,001,001,1,P002,P002.ppm,445,21.051505,1778804303.746502,7.4,-180.0,92.0,2940,1912,0.82,0.82,0.0,0.0,pix
real_001_s001_2026-05-15_02-18-02-693,001,001,1,P002,P002.ppm,446,21.068172,1778804303.763169,7.416667,-180.0,92.0,2940,1912,0.82,0.82,0.0,0.0,pix
real_001_s001_2026-05-15_02-18-02-693,001,001,1,P002,P002.ppm,447,21.084839,1778804303.779835,7.433333,-180.0,92.0,2940,1912,0.82,0.82,0.0,0.0,pix
real_001_s001_2026-05-15_02-18-02-693,001,001,1,P002,P002.ppm,448,21.101505,1778804303.796502,7.45,-180.0,92.0,2940,1912,0.82,0.82,0.0,0.0,pix
real_001_s001_2026-05-15_02-18-02-693,001,001,1,P002,P002.ppm,449,21.118172,1778804303.813169,7.466667,-180.0,92.0,2940,1912,0.82,0.82,0.0,0.0,pix
real_001_s001_2026-05-15_02-18-02-693,001,001,1,P002,P002.ppm,450,21.134839,1778804303.829835,7.483333,-180.0,92.0,2940,1912,0.82,0.82,0.0,0.0,pix
real_001_s001_2026-05-15_02-18-02-693,001,001,1,P002,P002.ppm,451,21.151505,1778804303.846502,7.5,-180.0,92.0,2940,1912,0.82,0.82,0.0,0.0,pix
real_001_s001_2026-05-15_02-18-02-693,001,001,1,P002,P002.ppm,452,21.168172,1778804303.863168,7.516667,-180.0,92.0,2940,1912,0.82,0.82,0.0,0.0,pix
real_001_s001_2026-05-15_02-18-02-693,001,001,1,P002,P002.ppm,453,21.184839,1778804303.879835,7.533333,-180.0,92.0,2940,1912,0.82,0.82,0.0,0.0,pix
real_001_s001_2026-05-15_02-18-02-693,001,001,1,P002,P002.ppm,454,21.201505,1778804303.896502,7.55,-180.0,92.0,2940,1912,0.82,0.82,0.0,0.0,pix
real_001_s001_2026-05-15_02-18-02-693,001,001,1,P002,P002.ppm,455,21.218172,1778804303.913168,7.566667,-180.0,92.0,2940,1912,0.82,0.82,0.0,0.0,pix
real_001_s001_2026-05-15_02-18-02-693,001,001,1,P002,P002.ppm,456,21.234839,1778804303.929835,7.583333,-180.0,92.0,2940,1912,0.82,0.82,0.0,0.0,pix
real_001_s001_2026-05-15_02-18-02-693,001,001,1,P002,P002.ppm,457,21.251505,1778804303.946502,7.6,-180.0,92.0,2940,1912,0.82,0.82,0.0,0.0,pix
real_001_s001_2026-05-15_02-18-02-693,001,001,1,P002,P002.ppm,458,21.268172,1778804303.963168,7.616667,-180.0,92.0,2940,1912,0.82,0.82,0.0,0.0,pix
real_001_s001_2026-05-15_02-18-02-693,001,001,1,P002,P002.ppm,459,21.284839,1778804303.979835,7.633333,-180.0,92.0,2940,1912,0.82,0.82,0.0,0.0,pix
real_001_s001_2026-05-15_02-18-02-693,001,001,1,P002,P002.ppm,460,21.301505,1778804303.996502,7.65,-180.0,92.0,2940,1912,0.82,0.82,0.0,0.0,pix
real_001_s001_2026-05-15_02-18-02-693,001,001,1,P002,P002.ppm,461,21.318172,1778804304.013169,7.666667,-180.0,92.0,2940,1912,0.82,0.82,0.0,0.0,pix
real_001_s001_2026-05-15_02-18-02-693,001,001,1,P002,P002.ppm,462,21.334839,1778804304.029835,7.683333,-180.0,92.0,2940,1912,0.82,0.82,0.0,0.0,pix
real_001_s001_2026-05-15_02-18-02-693,001,001,1,P002,P002.ppm,463,21.351505,1778804304.046502,7.7,-180.0,92.0,2940,1912,0.82,0.82,0.0,0.0,pix
real_001_s001_2026-05-15_02-18-02-693,001,001,1,P002,P002.ppm,464,21.368172,1778804304.063169,7.716667,-180.0,92.0,2940,1912,0.82,0.82,0.0,0.0,pix
real_001_s001_2026-05-15_02-18-02-693,001,001,1,P002,P002.ppm,465,21.384839,1778804304.079835,7.733333,-180.0,92.0,2940,1912,0.82,0.82,0.0,0.0,pix
real_001_s001_2026-05-15_02-18-02-693,001,001,1,P002,P002.ppm,466,21.401505,1778804304.096502,7.75,-180.0,92.0,2940,1912,0.82,0.82,0.0,0.0,pix
real_001_s001_2026-05-15_02-18-02-693,001,001,1,P002,P002.ppm,467,21.418172,1778804304.113168,7.766667,-180.0,92.0,2940,1912,0.82,0.82,0.0,0.0,pix
real_001_s001_2026-05-15_02-18-02-693,001,001,1,P002,P002.ppm,468,21.434839,1778804304.129835,7.783333,-180.0,92.0,2940,1912,0.82,0.82,0.0,0.0,pix
real_001_s001_2026-05-15_02-18-02-693,001,001,1,P002,P002.ppm,469,21.451505,1778804304.146502,7.8,-180.0,92.0,2940,1912,0.82,0.82,0.0,0.0,pix
real_001_s001_2026-05-15_02-18-02-693,001,001,1,P002,P002.ppm,470,21.468172,1778804304.163168,7.816667,-180.0,92.0,2940,1912,0.82,0.82,0.0,0.0,pix
real_001_s001_2026-05-15_02-18-02-693,001,001,1,P002,P002.ppm,471,21.484839,1778804304.179835,7.833333,-180.0,92.0,2940,1912,0.82,0.82,0.0,0.0,pix
real_001_s001_2026-05-15_02-18-02-693,001,001,1,P002,P002.ppm,472,21.501505,1778804304.196502,7.85,-180.0,92.0,2940,1912,0.82,0.82,0.0,0.0,pix
real_001_s001_2026-05-15_02-18-02-693,001,001,1,P002,P002.ppm,473,21.518172,1778804304.213168,7.866667,-180.0,92.0,2940,1912,0.82,0.82,0.0,0.0,pix
real_001_s001_2026-05-15_02-18-02-693,001,001,1,P002,P002.ppm,474,21.534839,1778804304.229835,7.883333,-180.0,92.0,2940,1912,0.82,0.82,0.0,0.0,pix
real_001_s001_2026-05-15_02-18-02-693,001,001,1,P002,P002.ppm,475,21.551505,1778804304.246502,7.9,-180.0,92.0,2940,1912,0.82,0.82,0.0,0.0,pix
real_001_s001_2026-05-15_02-18-02-693,001,001,1,P002,P002.ppm,476,21.568172,1778804304.263169,7.916667,-180.0,92.0,2940,1912,0.82,0.82,0.0,0.0,pix
real_001_s001_2026-05-15_02-18-02-693,001,001,1,P002,P002.ppm,477,21.584839,1778804304.279835,7.933333,-180.0,92.0,2940,1912,0.82,0.82,0.0,0.0,pix
real_001_s001_2026-05-15_02-18-02-693,001,001,1,P002,P002.ppm,478,21.601505,1778804304.296502,7.95,-180.0,92.0,2940,1912,0.82,0.82,0.0,0.0,pix
real_001_s001_2026-05-15_02-18-02-693,001,001,1,P002,P002.ppm,479,21.618172,1778804304.313169,7.966667,-180.0,92.0,2940,1912,0.82,0.82,0.0,0.0,pix
real_001_s001_2026-05-15_02-18-02-693,001,001,1,P002,P002.ppm,480,21.634839,1778804304.329835,7.983333,-180.0,92.0,2940,1912,0.82,0.82,0.0,0.0,pix
real_001_s001_2026-05-15_02-18-02-693,001,001,1,P002,P002.ppm,481,21.651505,1778804304.346502,8.0,-180.0,92.0,2940,1912,0.82,0.82,0.0,0.0,pix
real_001_s001_2026-05-15_02-18-02-693,001,001,1,P002,P002.ppm,482,21.668172,1778804304.363168,8.016667,-180.0,92.0,2940,1912,0.82,0.82,0.0,0.0,pix
real_001_s001_2026-05-15_02-18-02-693,001,001,1,P002,P002.ppm,483,21.684839,1778804304.379835,8.033333,-180.0,92.0,2940,1912,0.82,0.82,0.0,0.0,pix
real_001_s001_2026-05-15_02-18-02-693,001,001,1,P002,P002.ppm,484,21.701505,1778804304.396502,8.05,-180.0,92.0,2940,1912,0.82,0.82,0.0,0.0,pix
real_001_s001_2026-05-15_02-18-02-693,001,001,1,P002,P002.ppm,485,21.718172,1778804304.413168,8.066667,-180.0,92.0,2940,1912,0.82,0.82,0.0,0.0,pix
real_001_s001_2026-05-15_02-18-02-693,001,001,1,P002,P002.ppm,486,21.734839,1778804304.429835,8.083333,-180.0,92.0,2940,1912,0.82,0.82,0.0,0.0,pix
real_001_s001_2026-05-15_02-18-02-693,001,001,1,P002,P002.ppm,487,21.751505,1778804304.446502,8.1,-180.0,92.0,2940,1912,0.82,0.82,0.0,0.0,pix
real_001_s001_2026-05-15_02-18-02-693,001,001,1,P002,P002.ppm,488,21.768172,1778804304.463168,8.116667,-180.0,92.0,2940,1912,0.82,0.82,0.0,0.0,pix
real_001_s001_2026-05-15_02-18-02-693,001,001,1,P002,P002.ppm,489,21.784839,1778804304.479835,8.133333,-180.0,92.0,2940,1912,0.82,0.82,0.0,0.0,pix
real_001_s001_2026-05-15_02-18-02-693,001,001,1,P002,P002.ppm,490,21.801505,1778804304.496502,8.15,-180.0,92.0,2940,1912,0.82,0.82,0.0,0.0,pix
real_001_s001_2026-05-15_02-18-02-693,001,001,1,P002,P002.ppm,491,21.818172,1778804304.513169,8.166667,-180.0,92.0,2940,1912,0.82,0.82,0.0,0.0,pix
real_001_s001_2026-05-15_02-18-02-693,001,001,1,P002,P002.ppm,492,21.834839,1778804304.529835,8.183333,-180.0,92.0,2940,1912,0.82,0.82,0.0,0.0,pix
real_001_s001_2026-05-15_02-18-02-693,001,001,1,P002,P002.ppm,493,21.851505,1778804304.546502,8.2,-180.0,92.0,2940,1912,0.82,0.82,0.0,0.0,pix
real_001_s001_2026-05-15_02-18-02-693,001,001,1,P002,P002.ppm,494,21.868172,1778804304.563169,8.216667,-180.0,92.0,2940,1912,0.82,0.82,0.0,0.0,pix
real_001_s001_2026-05-15_02-18-02-693,001,001,1,P002,P002.ppm,495,21.884839,1778804304.579835,8.233333,-180.0,92.0,2940,1912,0.82,0.82,0.0,0.0,pix
real_001_s001_2026-05-15_02-18-02-693,001,001,1,P002,P002.ppm,496,21.901505,1778804304.596502,8.25,-180.0,92.0,2940,1912,0.82,0.82,0.0,0.0,pix
real_001_s001_2026-05-15_02-18-02-693,001,001,1,P002,P002.ppm,497,21.918172,1778804304.613168,8.266667,-180.0,92.0,2940,1912,0.82,0.82,0.0,0.0,pix
real_001_s001_2026-05-15_02-18-02-693,001,001,1,P002,P002.ppm,498,21.934839,1778804304.629835,8.283333,-180.0,92.0,2940,1912,0.82,0.82,0.0,0.0,pix
real_001_s001_2026-05-15_02-18-02-693,001,001,1,P002,P002.ppm,499,21.951505,1778804304.646502,8.3,-180.0,92.0,2940,1912,0.82,0.82,0.0,0.0,pix
real_001_s001_2026-05-15_02-18-02-693,001,001,1,P002,P002.ppm,500,21.968172,1778804304.663168,8.316667,-180.0,92.0,2940,1912,0.82,0.82,0.0,0.0,pix
real_001_s001_2026-05-15_02-18-02-693,001,001,1,P002,P002.ppm,501,21.984839,1778804304.679835,8.333333,-180.0,92.0,2940,1912,0.82,0.82,0.0,0.0,pix
real_001_s001_2026-05-15_02-18-02-693,001,001,1,P002,P002.ppm,502,22.001505,1778804304.696502,8.35,-180.0,92.0,2940,1912,0.82,0.82,0.0,0.0,pix
real_001_s001_2026-05-15_02-18-02-693,001,001,1,P002,P002.ppm,503,22.018172,1778804304.713168,8.366667,-180.0,92.0,2940,1912,0.82,0.82,0.0,0.0,pix
real_001_s001_2026-05-15_02-18-02-693,001,001,1,P002,P002.ppm,504,22.034839,1778804304.729835,8.383333,-180.0,92.0,2940,1912,0.82,0.82,0.0,0.0,pix
real_001_s001_2026-05-15_02-18-02-693,001,001,1,P002,P002.ppm,505,22.051505,1778804304.746502,8.4,-180.0,92.0,2940,1912,0.82,0.82,0.0,0.0,pix
real_001_s001_2026-05-15_02-18-02-693,001,001,1,P002,P002.ppm,506,22.068172,1778804304.763169,8.416667,-180.0,92.0,2940,1912,0.82,0.82,0.0,0.0,pix
real_001_s001_2026-05-15_02-18-02-693,001,001,1,P002,P002.ppm,507,22.084839,1778804304.779835,8.433333,-180.0,92.0,2940,1912,0.82,0.82,0.0,0.0,pix
real_001_s001_2026-05-15_02-18-02-693,001,001,1,P002,P002.ppm,508,22.101505,1778804304.796502,8.45,-180.0,92.0,2940,1912,0.82,0.82,0.0,0.0,pix
real_001_s001_2026-05-15_02-18-02-693,001,001,1,P002,P002.ppm,509,22.118172,1778804304.813169,8.466667,-180.0,92.0,2940,1912,0.82,0.82,0.0,0.0,pix
real_001_s001_2026-05-15_02-18-02-693,001,001,1,P002,P002.ppm,510,22.134839,1778804304.829835,8.483333,-180.0,92.0,2940,1912,0.82,0.82,0.0,0.0,pix
real_001_s001_2026-05-15_02-18-02-693,001,001,1,P002,P002.ppm,511,22.151505,1778804304.846502,8.5,-180.0,92.0,2940,1912,0.82,0.82,0.0,0.0,pix
real_001_s001_2026-05-15_02-18-02-693,001,001,1,P002,P002.ppm,512,22.168172,1778804304.863168,8.516667,-180.0,92.0,2940,1912,0.82,0.82,0.0,0.0,pix
real_001_s001_2026-05-15_02-18-02-693,001,001,1,P002,P002.ppm,513,22.184839,1778804304.879835,8.533333,-180.0,92.0,2940,1912,0.82,0.82,0.0,0.0,pix
real_001_s001_2026-05-15_02-18-02-693,001,001,1,P002,P002.ppm,514,22.201505,1778804304.896502,8.55,-180.0,92.0,2940,1912,0.82,0.82,0.0,0.0,pix
real_001_s001_2026-05-15_02-18-02-693,001,001,1,P002,P002.ppm,515,22.218172,1778804304.913168,8.566667,-180.0,92.0,2940,1912,0.82,0.82,0.0,0.0,pix
real_001_s001_2026-05-15_02-18-02-693,001,001,1,P002,P002.ppm,516,22.234839,1778804304.929835,8.583333,-180.0,92.0,2940,1912,0.82,0.82,0.0,0.0,pix
real_001_s001_2026-05-15_02-18-02-693,001,001,2,P001,P001.ppm,1,24.968085,1778804307.663102,0.0,-180.0,92.0,2940,1912,0.82,0.82,0.0,0.0,pix
real_001_s001_2026-05-15_02-18-02-693,001,001,2,P001,P001.ppm,2,24.984751,1778804307.679769,0.016667,-180.0,92.0,2940,1912,0.82,0.82,0.0,0.0,pix
real_001_s001_2026-05-15_02-18-02-693,001,001,2,P001,P001.ppm,3,25.001418,1778804307.696435,0.033333,-180.0,92.0,2940,1912,0.82,0.82,0.0,0.0,pix
real_001_s001_2026-05-15_02-18-02-693,001,001,2,P001,P001.ppm,4,25.018085,1778804307.713102,0.05,-180.0,92.0,2940,1912,0.82,0.82,0.0,0.0,pix
real_001_s001_2026-05-15_02-18-02-693,001,001,2,P001,P001.ppm,5,25.034751,1778804307.729769,0.066667,-180.0,92.0,2940,1912,0.82,0.82,0.0,0.0,pix
real_001_s001_2026-05-15_02-18-02-693,001,001,2,P001,P001.ppm,6,25.051418,1778804307.746435,0.083333,-180.0,92.0,2940,1912,0.82,0.82,0.0,0.0,pix
real_001_s001_2026-05-15_02-18-02-693,001,001,2,P001,P001.ppm,7,25.068085,1778804307.763102,0.1,-180.0,92.0,2940,1912,0.82,0.82,0.0,0.0,pix
real_001_s001_2026-05-15_02-18-02-693,001,001,2,P001,P001.ppm,8,25.084751,1778804307.779768,0.116667,-180.0,92.0,2940,1912,0.82,0.82,0.0,0.0,pix
real_001_s001_2026-05-15_02-18-02-693,001,001,2,P001,P001.ppm,9,25.101418,1778804307.796435,0.133333,-180.0,92.0,2940,1912,0.82,0.82,0.0,0.0,pix
real_001_s001_2026-05-15_02-18-02-693,001,001,2,P001,P001.ppm,10,25.118085,1778804307.813102,0.15,-180.0,92.0,2940,1912,0.82,0.82,0.0,0.0,pix
real_001_s001_2026-05-15_02-18-02-693,001,001,2,P001,P001.ppm,11,25.134751,1778804307.829769,0.166667,-180.0,92.0,2940,1912,0.82,0.82,0.0,0.0,pix
real_001_s001_2026-05-15_02-18-02-693,001,001,2,P001,P001.ppm,12,25.151418,1778804307.846435,0.183333,-180.0,92.0,2940,1912,0.82,0.82,0.0,0.0,pix
real_001_s001_2026-05-15_02-18-02-693,001,001,2,P001,P001.ppm,13,25.168085,1778804307.863102,0.2,-180.0,92.0,2940,1912,0.82,0.82,0.0,0.0,pix
real_001_s001_2026-05-15_02-18-02-693,001,001,2,P001,P001.ppm,14,25.184751,1778804307.879769,0.216667,-180.0,92.0,2940,1912,0.82,0.82,0.0,0.0,pix
real_001_s001_2026-05-15_02-18-02-693,001,001,2,P001,P001.ppm,15,25.201418,1778804307.896435,0.233333,-180.0,92.0,2940,1912,0.82,0.82,0.0,0.0,pix
real_001_s001_2026-05-15_02-18-02-693,001,001,2,P001,P001.ppm,16,25.218085,1778804307.913102,0.25,-180.0,92.0,2940,1912,0.82,0.82,0.0,0.0,pix
real_001_s001_2026-05-15_02-18-02-693,001,001,2,P001,P001.ppm,17,25.234751,1778804307.929769,0.266667,-180.0,92.0,2940,1912,0.82,0.82,0.0,0.0,pix
real_001_s001_2026-05-15_02-18-02-693,001,001,2,P001,P001.ppm,18,25.251418,1778804307.946435,0.283333,-180.0,92.0,2940,1912,0.82,0.82,0.0,0.0,pix
real_001_s001_2026-05-15_02-18-02-693,001,001,2,P001,P001.ppm,19,25.268085,1778804307.963102,0.3,-180.0,92.0,2940,1912,0.82,0.82,0.0,0.0,pix
real_001_s001_2026-05-15_02-18-02-693,001,001,2,P001,P001.ppm,20,25.284751,1778804307.979769,0.316667,-180.0,92.0,2940,1912,0.82,0.82,0.0,0.0,pix
real_001_s001_2026-05-15_02-18-02-693,001,001,2,P001,P001.ppm,21,25.301418,1778804307.996435,0.333333,-180.0,92.0,2940,1912,0.82,0.82,0.0,0.0,pix
real_001_s001_2026-05-15_02-18-02-693,001,001,2,P001,P001.ppm,22,25.318085,1778804308.013102,0.35,-180.0,92.0,2940,1912,0.82,0.82,0.0,0.0,pix
real_001_s001_2026-05-15_02-18-02-693,001,001,2,P001,P001.ppm,23,25.334751,1778804308.029768,0.366667,-180.0,92.0,2940,1912,0.82,0.82,0.0,0.0,pix
real_001_s001_2026-05-15_02-18-02-693,001,001,2,P001,P001.ppm,24,25.351418,1778804308.046435,0.383333,-180.0,92.0,2940,1912,0.82,0.82,0.0,0.0,pix
real_001_s001_2026-05-15_02-18-02-693,001,001,2,P001,P001.ppm,25,25.368085,1778804308.063102,0.4,-180.0,92.0,2940,1912,0.82,0.82,0.0,0.0,pix
real_001_s001_2026-05-15_02-18-02-693,001,001,2,P001,P001.ppm,26,25.384751,1778804308.079769,0.416667,-180.0,92.0,2940,1912,0.82,0.82,0.0,0.0,pix
real_001_s001_2026-05-15_02-18-02-693,001,001,2,P001,P001.ppm,27,25.401418,1778804308.096435,0.433333,-180.0,92.0,2940,1912,0.82,0.82,0.0,0.0,pix
real_001_s001_2026-05-15_02-18-02-693,001,001,2,P001,P001.ppm,28,25.418085,1778804308.113102,0.45,-180.0,92.0,2940,1912,0.82,0.82,0.0,0.0,pix
real_001_s001_2026-05-15_02-18-02-693,001,001,2,P001,P001.ppm,29,25.434751,1778804308.129769,0.466667,-180.0,92.0,2940,1912,0.82,0.82,0.0,0.0,pix
real_001_s001_2026-05-15_02-18-02-693,001,001,2,P001,P001.ppm,30,25.451418,1778804308.146435,0.483333,-180.0,92.0,2940,1912,0.82,0.82,0.0,0.0,pix
real_001_s001_2026-05-15_02-18-02-693,001,001,2,P001,P001.ppm,31,25.468085,1778804308.163102,0.5,-180.0,92.0,2940,1912,0.82,0.82,0.0,0.0,pix
real_001_s001_2026-05-15_02-18-02-693,001,001,2,P001,P001.ppm,32,25.484751,1778804308.179769,0.516667,-180.0,92.0,2940,1912,0.82,0.82,0.0,0.0,pix
real_001_s001_2026-05-15_02-18-02-693,001,001,2,P001,P001.ppm,33,25.501418,1778804308.196435,0.533333,-180.0,92.0,2940,1912,0.82,0.82,0.0,0.0,pix
real_001_s001_2026-05-15_02-18-02-693,001,001,2,P001,P001.ppm,34,25.518085,1778804308.213102,0.55,-180.0,92.0,2940,1912,0.82,0.82,0.0,0.0,pix
real_001_s001_2026-05-15_02-18-02-693,001,001,2,P001,P001.ppm,35,25.534751,1778804308.229769,0.566667,-180.0,92.0,2940,1912,0.82,0.82,0.0,0.0,pix
real_001_s001_2026-05-15_02-18-02-693,001,001,2,P001,P001.ppm,36,25.551418,1778804308.246435,0.583333,-180.0,92.0,2940,1912,0.82,0.82,0.0,0.0,pix
real_001_s001_2026-05-15_02-18-02-693,001,001,2,P001,P001.ppm,37,25.568085,1778804308.263102,0.6,-180.0,92.0,2940,1912,0.82,0.82,0.0,0.0,pix
real_001_s001_2026-05-15_02-18-02-693,001,001,2,P001,P001.ppm,38,25.584751,1778804308.279768,0.616667,-180.0,92.0,2940,1912,0.82,0.82,0.0,0.0,pix
real_001_s001_2026-05-15_02-18-02-693,001,001,2,P001,P001.ppm,39,25.601418,1778804308.296435,0.633333,-180.0,92.0,2940,1912,0.82,0.82,0.0,0.0,pix
real_001_s001_2026-05-15_02-18-02-693,001,001,2,P001,P001.ppm,40,25.618085,1778804308.313102,0.65,-180.0,92.0,2940,1912,0.82,0.82,0.0,0.0,pix
real_001_s001_2026-05-15_02-18-02-693,001,001,2,P001,P001.ppm,41,25.634751,1778804308.329769,0.666667,-180.0,92.0,2940,1912,0.82,0.82,0.0,0.0,pix
real_001_s001_2026-05-15_02-18-02-693,001,001,2,P001,P001.ppm,42,25.651418,1778804308.346435,0.683333,-180.0,92.0,2940,1912,0.82,0.82,0.0,0.0,pix
real_001_s001_2026-05-15_02-18-02-693,001,001,2,P001,P001.ppm,43,25.668085,1778804308.363102,0.7,-180.0,92.0,2940,1912,0.82,0.82,0.0,0.0,pix
real_001_s001_2026-05-15_02-18-02-693,001,001,2,P001,P001.ppm,44,25.684751,1778804308.379769,0.716667,-180.0,92.0,2940,1912,0.82,0.82,0.0,0.0,pix
real_001_s001_2026-05-15_02-18-02-693,001,001,2,P001,P001.ppm,45,25.701418,1778804308.396435,0.733333,-180.0,92.0,2940,1912,0.82,0.82,0.0,0.0,pix
real_001_s001_2026-05-15_02-18-02-693,001,001,2,P001,P001.ppm,46,25.718085,1778804308.413102,0.75,-180.0,92.0,2940,1912,0.82,0.82,0.0,0.0,pix
real_001_s001_2026-05-15_02-18-02-693,001,001,2,P001,P001.ppm,47,25.734751,1778804308.429769,0.766667,-180.0,92.0,2940,1912,0.82,0.82,0.0,0.0,pix
real_001_s001_2026-05-15_02-18-02-693,001,001,2,P001,P001.ppm,48,25.751418,1778804308.446435,0.783333,-180.0,92.0,2940,1912,0.82,0.82,0.0,0.0,pix
real_001_s001_2026-05-15_02-18-02-693,001,001,2,P001,P001.ppm,49,25.768085,1778804308.463102,0.8,-180.0,92.0,2940,1912,0.82,0.82,0.0,0.0,pix
real_001_s001_2026-05-15_02-18-02-693,001,001,2,P001,P001.ppm,50,25.784751,1778804308.479769,0.816667,-180.0,92.0,2940,1912,0.82,0.82,0.0,0.0,pix
real_001_s001_2026-05-15_02-18-02-693,001,001,2,P001,P001.ppm,51,25.801418,1778804308.496435,0.833333,-180.0,92.0,2940,1912,0.82,0.82,0.0,0.0,pix
real_001_s001_2026-05-15_02-18-02-693,001,001,2,P001,P001.ppm,52,25.818085,1778804308.513102,0.85,-180.0,92.0,2940,1912,0.82,0.82,0.0,0.0,pix
real_001_s001_2026-05-15_02-18-02-693,001,001,2,P001,P001.ppm,53,25.834751,1778804308.529768,0.866667,-180.0,92.0,2940,1912,0.82,0.82,0.0,0.0,pix
real_001_s001_2026-05-15_02-18-02-693,001,001,2,P001,P001.ppm,54,25.851418,1778804308.546435,0.883333,-180.0,92.0,2940,1912,0.82,0.82,0.0,0.0,pix
real_001_s001_2026-05-15_02-18-02-693,001,001,2,P001,P001.ppm,55,25.868085,1778804308.563102,0.9,-180.0,92.0,2940,1912,0.82,0.82,0.0,0.0,pix
real_001_s001_2026-05-15_02-18-02-693,001,001,2,P001,P001.ppm,56,25.884751,1778804308.579769,0.916667,-180.0,92.0,2940,1912,0.82,0.82,0.0,0.0,pix
real_001_s001_2026-05-15_02-18-02-693,001,001,2,P001,P001.ppm,57,25.901418,1778804308.596435,0.933333,-180.0,92.0,2940,1912,0.82,0.82,0.0,0.0,pix
real_001_s001_2026-05-15_02-18-02-693,001,001,2,P001,P001.ppm,58,25.918085,1778804308.613102,0.95,-180.0,92.0,2940,1912,0.82,0.82,0.0,0.0,pix
real_001_s001_2026-05-15_02-18-02-693,001,001,2,P001,P001.ppm,59,25.934751,1778804308.629769,0.966667,-180.0,92.0,2940,1912,0.82,0.82,0.0,0.0,pix
