stimulus_id,image_file,original_filename,original_relative_path,original_style_folder,condition_congruent,condition_semi_congruent,condition_incongruent,condition_congruent_en,condition_semi_congruent_en,condition_incongruent_en,notes,needs_human_review
001,001.jpg,bird_of_the_spirit_0121.jpg,abstract-expressionism/bird_of_the_spirit_0121.jpg,abstract-expressionism,"Eine kleiner, heraufschauender Vogel sitzt in der Mitte einer dunklen ovalen Fläche auf rostbraunem Grund. Um die Mitte liegen feine dunkle Striche und ein breiter Schattenrand.",Eine helle Form liegt zentral in einer dunklen runden Fläche auf warmem braunem Grund. Der dunkle Bereich und die feinen Linien um die Mitte bleiben auffällig.,"Eine helle Form liegt seitlich in einer blassen ovalen Fläche auf kühlem graublauem Grund. Der dunkle Rand ist schmal, und die Mitte wirkt eher offen als verdichtet.",A small upward-looking bird sits in the center of a dark oval area on a rusty brown ground. Fine dark lines and a broad shadowed rim surround the center.,A pale form lies centrally inside a dark round area on a warm brown ground. The dark area and the fine lines around the center remain noticeable.,"A pale form lies off to the side inside a faint oval area on a cool gray-blue ground. The dark rim is narrow, and the center feels more open than dense.",image_type=abstract-expressionism; source=direct_image_inspection; language=de; fit_levels=high_partial_low; prompt_repair_visual_form_human_style_2026-05-19,False
002,002.jpg,candidate_003_expressionism_carnation_in_a_blue_vase_1993.jpg,candidate_images/chosen/candidate_003_expressionism_carnation_in_a_blue_vase_1993.jpg,expressionism,"Eine pinke Blüte steht in einer blau-grünen Glasvase vor braunem Hintergrund. Die Vase sitzt unten mittig, die Blüte ragt darüber nach links oben.","Eine helle pinke Blütenform steht in einem bläulichen Gefäß vor warmem braunem Grund. Oben ist die Blüte dominant, unten bleibt die Vase klar sichtbar.","Eine orange Blüte steht in einer schmalen grünen Vase vor hellem Grund. Blüte und Vase liegen deutlich rechts, und die Tischfläche ist kaum betont.","A pink blossom stands in a blue-green glass vase against a brown background. The vase sits near the lower center, and the flower rises above it toward the upper left.","A pale pink flower-like form stands in a bluish vessel against a warm brown ground. The blossom dominates the top, while the vase remains clearly visible below.","An orange blossom stands in a narrow green vase against a light ground. Flower and vase sit clearly to the right, and the tabletop is barely emphasized.",image_type=expressionism; source=chosen_candidate_direct_image_inspection; language=de; fit_levels=high_partial_low; prompt_repair_visual_form_human_style_2026-05-19,False
003,003.jpg,candidate_005_surrealism_flower_1.jpg,candidate_images/chosen/candidate_005_surrealism_flower_1.jpg,surrealism,Eine einzelne gelbe Blüte sitzt auf einem langen weißen Stiel vor dunkelblauem Hintergrund. Unten gehen helle Blattformen seitlich vom Stiel ab.,Eine gelbe Form steht oben auf einem schlanken weißen Stiel vor dunklem Blau. Helle seitliche Formen lenken den Blick vom unteren Stiel nach außen.,Zwei gelbe Blüten sitzen auf kurzen dunklen Stielen vor hellem grauem Grund. Kleine Blätter bleiben nah an den kurzen Stielen.,A single yellow blossom sits on a long white stem against a dark blue background. Pale leaf shapes branch away from the lower stem.,A yellow form stands at the top of a slender white stem against dark blue. Pale side forms guide the eye outward from the lower stem.,Two yellow blossoms sit on short dark stems against a light gray ground. Small leaves stay close to the short stems.,image_type=surrealism; source=chosen_candidate_direct_image_inspection; language=de; fit_levels=high_partial_low; prompt_repair_visual_form_human_style_2026-05-19,False
004,004.jpg,pandora_0015.jpg,abstract-expressionism/pandora_0015.jpg,abstract-expressionism,"Auf hellem Grund überlagern sich türkisfarbene Flächen, orange Bereiche, ein schwarzer Kreis und ein blaues Rechteck. Die Formen sammeln sich vor allem in der oberen rechten Hälfte.",Türkise und orange Flächen liegen neben einem dunklen runden Element auf hellem Grund. Ein kantiger blauer Bereich setzt einen klaren Akzent nahe der Mitte.,"Mehrere rote und gelbe Kreise liegen getrennt am unteren Rand auf dunklem Grund. Ein schwarzes Rechteck dominiert links, während die obere rechte Ecke fast leer bleibt.","On a light ground, turquoise areas, orange regions, a black circle, and a blue rectangle overlap. The forms gather mostly in the upper right half.",Turquoise and orange areas sit beside a dark round element on a light ground. An angular blue area creates a clear accent near the center.,"Several red and yellow circles sit separately along the lower edge on a dark ground. A black rectangle dominates the left, while the upper right corner is almost empty.",image_type=abstract-expressionism; source=direct_image_inspection; language=de; fit_levels=high_partial_low; prompt_repair_visual_form_human_style_2026-05-19,False
005,005.jpg,quadratisch_0069.jpg,abstract-expressionism/quadratisch_0069.jpg,abstract-expressionism,"Das Bild besteht fast ganz aus weichen hellen Farbnebeln in Rosa, Violett und Beige. Nur unten rechts liegen wenige kleine weiße kantige Formen.","Ein heller, nebliger Farbraum in Rosa und Beige füllt fast das ganze Bild. Kleine helle Formen sitzen eher am unteren Rand.",Kräftige schwarze Linien und große rote Flächen füllen die Mitte auf dunklem Grund. Helle Nebelfarben und kleine weiße Formen spielen kaum eine Rolle.,"The image is made almost entirely of soft pale color haze in pink, violet, and beige. Only a few small white angular forms sit at the lower right.","A bright, misty color field in pink and beige fills almost the whole image. Small pale forms sit closer to the lower edge.",Strong black lines and large red areas fill the center on a dark ground. Pale misty colors and small white forms play hardly any role.,image_type=abstract-expressionism; source=direct_image_inspection; language=de; fit_levels=high_partial_low; prompt_repair_visual_form_human_style_2026-05-19,False
006,006.jpg,the_heart_0108.jpg,abstract-expressionism/the_heart_0108.jpg,abstract-expressionism,"Links steht ein dunkles grünes Rechteck in einer hellgrünen Fläche, rechts ein weißes Rechteck mit rotem Herz und schwarzen Streifen. Beide Formen liegen auf einem hellblauen Grund.","Zwei rechteckige Felder stehen nebeneinander auf hellem Blau. Links dominiert ein dunkles Rechteck, rechts ein helles Feld mit rotem Akzent.",Ein einzelner roter Kreis liegt mittig auf gelbem Grund.,"On the left, a dark green rectangle stands inside a pale green area; on the right, a white rectangle contains a red heart and black stripes. Both forms lie on a light blue ground.","Two rectangular fields stand side by side on light blue. A dark rectangle dominates the left, while a pale field with a red accent sits on the right.",A single red circle lies in the middle on a yellow ground.,image_type=abstract-expressionism; source=direct_image_inspection; language=de; fit_levels=high_partial_low; prompt_repair_visual_form_human_style_2026-05-19,False
007,007.jpg,untitled_0173.jpg,abstract-expressionism/untitled_0173.jpg,abstract-expressionism,"Ein glasähnliches Gefäß steht unten, darüber schwebt eine helle ovale Kopfform mit dunklen Linien. Der Hintergrund ist bräunlich und wirkt fleckig.","Unten sitzt ein durchsichtig wirkendes Gefäß, darüber eine helle runde Form mit dunkler Zeichnung. Senkrechte und waagrechte Linien teilen den warmen Hintergrund.","Ein dunkles Gefäß steht oben links vor blauem Grund, darunter liegen mehrere rote Kreisformen.","A glass-like vessel stands at the bottom, with a pale oval head-like form floating above it and crossed by dark lines. The background is brownish and mottled.","A transparent-looking vessel sits at the bottom, with a pale round form and dark drawing above it. Vertical and horizontal lines divide the warm background.","A dark vessel stands at the upper left against blue, with several red circular forms below.",image_type=abstract-expressionism; source=direct_image_inspection; language=de; fit_levels=high_partial_low; prompt_repair_visual_form_human_style_2026-05-19,False
008,008.jpg,what_the_wind_does_0268.jpg,abstract-expressionism/what_the_wind_does_0268.jpg,abstract-expressionism,Auf dunklem grauem Grund liegen zwei helle türkisfarbene Flecken links und rechts einer blassen Mitte. Ein rosiger senkrechter Lichtzug steigt unten zur Mitte auf.,Eine neblige helle Mitte wird von türkisfarbenen Flecken und dunklen Rändern umgeben. Unten zieht eine rosige vertikale Spur nach oben.,"Ein scharfes schwarzes Dreieck liegt auf gelbem Grund, daneben stehen rote Linien und kleine blaue Punkte.","On a dark gray ground, two pale turquoise patches sit left and right of a light center. A pinkish vertical glow rises from the bottom toward the middle.",A misty light center is surrounded by turquoise patches and dark edges. A pink vertical trace moves upward from the bottom.,"A sharp black triangle lies on a yellow ground, beside red lines and small blue dots.",image_type=abstract-expressionism; source=direct_image_inspection; language=de; fit_levels=high_partial_low; prompt_repair_visual_form_human_style_2026-05-19,False
009,009.jpg,candidate_017_symbolism_what_are_flowers_saing_1893.jpg,candidate_images/chosen/candidate_017_symbolism_what_are_flowers_saing_1893.jpg,symbolism,"Eine stehende Figur in blauem Kleid und hellem Umhang steht in einer grünen Landschaft. Der Kopf ist gesenkt, und helle kleine Blumen liegen im unteren Bereich.","Eine schlanke helle Figur steht vor einer weichen Landschaft mit Grün- und Grautönen. Kleid, Umhang und der Bodenbereich führen den Blick nach unten.",Eine sitzende Figur in rotem Gewand steht vor dunklem Innenraum.,"A standing figure in a blue dress and pale cloak stands in a green landscape. The head is lowered, and small pale flowers lie in the lower area.","A slender pale figure stands before a soft landscape of greens and grays. Dress, cloak, and ground area guide the eye downward.",A seated figure in a red garment appears in a dark interior.,image_type=symbolism; source=chosen_candidate_direct_image_inspection; language=de; fit_levels=high_partial_low; prompt_repair_visual_form_human_style_2026-05-19,False
010,010.jpg,e_226_0133.jpg,color-field-painting/e_226_0133.jpg,color-field-painting,Eine große rote ovale Fläche liegt auf leuchtend orangefarbenem Grund. Unten rechts setzt ein schmaler blauer Balken einen kleinen Kontrast.,Ein roter runder Körper dominiert die Mitte auf warmem orangefarbenem Grund. Ein kleiner blauer Streifen sitzt tief am unteren Rand.,Mehrere kleine blaue Kreise verteilen sich auf weißem Grund.,A large red oval area lies on a bright orange ground. A narrow blue bar near the lower right creates a small contrast.,A red rounded body dominates the center on a warm orange ground. A small blue stripe sits low near the bottom edge.,Several small blue circles are spread across a white ground.,image_type=color-field-painting; source=direct_image_inspection; language=de; fit_levels=high_partial_low; prompt_repair_visual_form_human_style_2026-05-19,False
011,011.jpg,candidate_018_expressionism_primitive_heads_1924.jpg,candidate_images/chosen/candidate_018_expressionism_primitive_heads_1924.jpg,expressionism,"Zwei dunkle kopfähnliche Formen stehen nebeneinander vor hellem Hintergrund. Links wirkt die Form frontaler, rechts ist ein Kopf im Profil zu sehen.","Zwei braun-schwarze Kopf- oder Maskenformen stehen dicht beieinander. Eine wirkt breiter und frontal, die andere schmaler und seitlich gedreht.",Drei helle Gesichter stehen weit auseinander vor blauem Grund.,"Two dark head-like forms stand side by side before a light background. The left form appears more frontal, while the right head is seen in profile.","Two brown-black head or mask forms stand close together. One appears broader and frontal, the other narrower and turned sideways.",Three pale faces stand far apart against a blue ground.,image_type=expressionism; source=chosen_candidate_direct_image_inspection; language=de; fit_levels=high_partial_low; prompt_repair_visual_form_human_style_2026-05-19,False
012,012.jpg,no_5_no_22_0055.jpg,color-field-painting/no_5_no_22_0055.jpg,color-field-painting,Ein breites rotes horizontales Band teilt eine gelbe Fläche. Oberhalb und unterhalb des Bandes liegen große ruhige gelb-orange Felder.,Eine rote waagrechte Linie durchzieht eine warme gelbe Farbfläche. Die Komposition ist flach und fast ohne gegenständliche Formen.,Ein schwarzer Kreis steht über einem blauen Dreieck auf weißem Grund.,A broad red horizontal band divides a yellow field. Large quiet yellow-orange areas lie above and below the band.,A red horizontal line runs through a warm yellow color field. The composition is flat and almost without representational forms.,A black circle stands above a blue triangle on a white ground.,image_type=color-field-painting; source=direct_image_inspection; language=de; fit_levels=high_partial_low; prompt_repair_visual_form_human_style_2026-05-19,False
013,013.jpg,the_station_of_the_cross_-_first_station_0179.jpg,color-field-painting/the_station_of_the_cross_-_first_station_0179.jpg,color-field-painting,Eine helle fast leere Fläche wird rechts von einer schmalen dunklen senkrechten Kante geteilt. Nahe dieser Kante sitzen feine schwarze Spuren.,Ein ruhiger heller Bildraum wird von einer dünnen dunklen vertikalen Zone am rechten Rand unterbrochen. Die übrige Fläche bleibt weitgehend leer.,Ein breites rotes Band liegt waagrecht in der Mitte auf gelbem Grund.,A pale almost empty field is divided on the right by a narrow dark vertical edge. Fine black traces sit near this edge.,A quiet light pictorial space is interrupted by a thin dark vertical zone near the right edge. The rest of the field remains mostly empty.,A broad red band lies horizontally in the center on a yellow ground.,image_type=color-field-painting; source=direct_image_inspection; language=de; fit_levels=high_partial_low; prompt_repair_visual_form_human_style_2026-05-19,False
014,014.jpg,untitled_0159.jpg,color-field-painting/untitled_0159.jpg,color-field-painting,Eine große gelbe Fläche wird oben links von roten und schwarzen gezackten Formen eingeschnitten. Der stärkste Kontrast sitzt entlang der oberen linken Kante.,"Gelb dominiert fast das ganze Bild, während dunkle und rote Zacken von oben links hineinragen. Die Formen wirken wie ein unregelmäßiger Rand.",Weiche blaue Kreise liegen ruhig auf hellem Grund und verteilen sich gleichmäßig.,A large yellow field is cut into at the upper left by red and black jagged forms. The strongest contrast sits along the upper left edge.,"Yellow dominates almost the whole image, while dark and red spikes enter from the upper left. The forms act like an irregular border.",Soft blue circles lie calmly on a pale ground and are evenly distributed.,image_type=color-field-painting; source=direct_image_inspection; language=de; fit_levels=high_partial_low; prompt_repair_visual_form_human_style_2026-05-19,False
015,015.jpg,untitled_0170.jpg,color-field-painting/untitled_0170.jpg,color-field-painting,"Blaue und weiße spitze Flächen kreuzen sich diagonal. Die Komposition wirkt kantig, mit starken Schrägen und viel hellem Zwischenraum.",Mehrere blaue Dreiecks- und Streifenformen liegen auf weißem Grund. Die wichtigsten Linien laufen schräg durch das Bild.,Runde rote und orange Formen liegen auf dunklem Grund.,"Blue and white pointed areas cross diagonally. The composition feels angular, with strong slants and much pale space between them.",Several blue triangular and stripe-like forms lie on a white ground. The main lines run diagonally through the image.,Round red and orange forms lie on a dark ground.,image_type=color-field-painting; source=direct_image_inspection; language=de; fit_levels=high_partial_low; prompt_repair_visual_form_human_style_2026-05-19,False
016,016.jpg,candidate_020_surrealism_vuelo_de_medianoche_1936.jpg,candidate_images/chosen/candidate_020_surrealism_vuelo_de_medianoche_1936.jpg,surrealism,Mehrere bunte spiralförmige Schnecken- oder Muschelformen liegen auf dunkelgrünem Grund. Eine große blaue geschwungene Form verbindet die runden Elemente.,Bunte runde Spiralen und eine geschwungene blaue Form füllen die Mitte. Der Hintergrund bleibt dunkel und lässt die hellen Muster stark hervortreten.,Zwei kantige schwarze Rechtecke liegen auf weißem Grund.,Several colorful spiral shell-like forms lie on a dark green ground. A large blue curved form connects the round elements.,Colorful round spirals and a curved blue form fill the center. The background stays dark and makes the bright patterns stand out strongly.,Two angular black rectangles lie on a white ground.,image_type=surrealism; source=chosen_candidate_direct_image_inspection; language=de; fit_levels=high_partial_low; prompt_repair_visual_form_human_style_2026-05-19,False
017,017.jpg,untitled_mural_for_end_wall_0222.jpg,color-field-painting/untitled_mural_for_end_wall_0222.jpg,color-field-painting,"Ein dunkles braunes Quadrat liegt in einem leuchtend orange-roten Rahmen. Die Mitte wirkt ruhig und flächig, der Rand deutlich heller.",Eine große dunkle rechteckige Fläche sitzt zentral in einem warmen roten und orangefarbenen Rand. Der Kontrast zwischen Mitte und Rand ist stark.,Ein heller blauer Kreis steht frei auf weißem Grund.,"A dark brown square lies inside a glowing orange-red frame. The center feels calm and flat, while the border is clearly brighter.",A large dark rectangular field sits centrally within a warm red and orange edge. The contrast between center and border is strong.,A pale blue circle stands alone on a white ground.,image_type=color-field-painting; source=direct_image_inspection; language=de; fit_levels=high_partial_low; prompt_repair_visual_form_human_style_2026-05-19,False
018,018.jpg,absinth_drinker_0102.jpg,expressionism/absinth_drinker_0102.jpg,expressionism,Eine Person sitzt an einem Tisch und blickt auf eine kleine helle Kerzenflamme. Das Gesicht und die Hände liegen im dunklen braunen Innenraum nahe am Licht.,"Eine dunkle sitzende Figur beugt sich zu einer hellen Flamme auf dem Tisch. Der Blick sammelt sich bei Gesicht, Hand und Kerzenlicht.",Eine stehende Figur in hellem Kleid befindet sich draußen vor grüner Landschaft.,A person sits at a table and looks toward a small pale candle flame. Face and hands lie close to the light in a dark brown interior.,"A dark seated figure bends toward a pale flame on the table. The gaze gathers around face, hand, and candlelight.",A standing figure in a pale dress appears outdoors before a green landscape.,image_type=expressionism; source=direct_image_inspection; language=de; fit_levels=high_partial_low; prompt_repair_visual_form_human_style_2026-05-19,False
019,019.jpg,ascet_0276.jpg,expressionism/ascet_0276.jpg,expressionism,"Eine schmale sitzende Figur in Blau steht vor blauem Hintergrund an einem Tisch. Heller Kopf, Teller und Hände bilden die zentralen Akzente.",Eine blau gekleidete Figur sitzt frontal vor einem Tisch mit hellem Teller. Der kühle blaue Hintergrund hält die Figur ruhig in der Mitte.,Eine liegende Figur in roten Farben füllt einen dunklen Innenraum.,"A narrow seated figure in blue appears before a blue background at a table. Pale head, plate, and hands form the central accents.",A blue-clothed figure sits frontally before a table with a pale plate. The cool blue background holds the figure calmly in the center.,A reclining figure in red colors fills a dark interior.,image_type=expressionism; source=direct_image_inspection; language=de; fit_levels=high_partial_low; prompt_repair_visual_form_human_style_2026-05-19,False
020,020.jpg,canal_du_midi_0128.jpg,expressionism/canal_du_midi_0128.jpg,expressionism,Eine helle Winterlandschaft mit violett-blauen Schatten führt zu einem Fluss oder Hafen. Rechts verläuft ein dunkler Uferstreifen mit kleinen Figuren und Booten.,Schneeartige helle Flächen und violette Schatten ziehen diagonal in die Tiefe. Am rechten Rand sammeln sich dunkle kleine Formen entlang des Wassers.,Ein warmer Innenraum mit einer einzelnen Kerze und sitzender Figur füllt das Bild.,"A pale winter landscape with violet-blue shadows leads toward a river or harbor. On the right, a dark bank with small figures and boats runs into the distance.",Snow-like pale areas and violet shadows move diagonally into depth. Small dark forms gather along the water at the right edge.,A warm interior with a single candle and seated figure fills the image.,image_type=expressionism; source=direct_image_inspection; language=de; fit_levels=high_partial_low; prompt_repair_visual_form_human_style_2026-05-19,False
021,021.jpg,children_with_the_lamp_0237.jpg,expressionism/children_with_the_lamp_0237.jpg,expressionism,Zwei Kinder oder Figuren sitzen eng beieinander im warmen Dunkel und halten eine leuchtend rote runde Laterne. Die hellsten Stellen liegen bei Gesicht und Laterne.,"Eine kleine Figurengruppe sammelt sich um ein rotes rundes Licht. Der Hintergrund bleibt dunkel und warm, sodass Gesicht und Licht hervortreten.",Eine einzelne Figur steht allein in einer hellen Landschaft mit blauem Kleid.,Two children or figures sit close together in warm darkness and hold a glowing red round lantern. The brightest areas are the faces and lantern.,"A small group of figures gathers around a red round light. The background stays dark and warm, making face and light stand out.",A single figure stands alone in a bright landscape wearing blue.,image_type=expressionism; source=direct_image_inspection; language=de; fit_levels=high_partial_low; prompt_repair_visual_form_human_style_2026-05-19,False
022,022.jpg,candidate_025_surrealism_colette_sitting.jpg,candidate_images/chosen/candidate_025_surrealism_colette_sitting.jpg,surrealism,"Eine sitzende Figur mit blauem Oberteil und rosa Rock lehnt in einem Stuhl. Der Kopf liegt links oben, die angewinkelten Beine füllen die rechte untere Hälfte.","Eine ruhige sitzende Person ist aus blauer Kleidung, rosa Fläche und dunklem Stuhl aufgebaut. Die Figur ist diagonal in den Raum gesetzt.",Eine stehende Figur in langem weißem Gewand steht frontal vor einer Landschaft.,"A seated figure with a blue top and pink skirt leans in a chair. The head sits at the upper left, and bent legs fill the lower right half.","A quiet seated person is built from blue clothing, a pink area, and a dark chair. The figure is placed diagonally in the room.",A standing figure in a long white garment faces forward in a landscape.,image_type=surrealism; source=chosen_candidate_direct_image_inspection; language=de; fit_levels=high_partial_low; prompt_repair_visual_form_human_style_2026-05-19,False
023,023.jpg,candidate_028_expressionism_freesia_in_a_red_vase_1986.jpg,candidate_images/chosen/candidate_028_expressionism_freesia_in_a_red_vase_1986.jpg,expressionism,"Ein dunkles rotes Gefäß steht unten mittig, daraus brechen gelbe und violette Blütenformen nach oben und rechts aus. Der Hintergrund ist braun und bewegt.",Ein Blumenstrauß mit gelben und violetten Formen wächst aus einer dunklen Vase. Die hellen Blüten liegen vor allem in der oberen Bildhälfte.,Eine einzelne pinke Blüte steht in einer blauen Glasvase auf ruhigem braunem Grund.,"A dark red vessel stands at the lower center, with yellow and violet flower forms bursting upward and to the right. The background is brown and active.",A bouquet with yellow and violet forms grows from a dark vase. The bright blossoms lie mainly in the upper half of the image.,A single pink blossom stands in a blue glass vase on a quiet brown ground.,image_type=expressionism; source=chosen_candidate_direct_image_inspection; language=de; fit_levels=high_partial_low; prompt_repair_visual_form_human_style_2026-05-19,False
024,024.jpg,despair_0035.jpg,expressionism/despair_0035.jpg,expressionism,Eine dunkle gebeugte Figur steht rechts unten vor einer Landschaft mit blauem Tal und rotem Himmel. Die Schrägen der Berge führen zum hellen Horizont.,"Eine einzelne dunkle Gestalt befindet sich am rechten Bildrand vor einer weiten Landschaft. Himmel, Tal und Berglinien bilden starke horizontale und diagonale Zonen.",Eine sitzende Figur in einem Stuhl füllt einen Innenraum mit rosa Rock und blauem Oberteil.,A dark bent figure stands at the lower right before a landscape with a blue valley and red sky. The mountain diagonals lead toward the bright horizon.,"A single dark figure appears at the right edge before a wide landscape. Sky, valley, and mountain lines form strong horizontal and diagonal zones.",A seated figure in a chair fills an interior with a pink skirt and blue top.,image_type=expressionism; source=direct_image_inspection; language=de; fit_levels=high_partial_low; prompt_repair_visual_form_human_style_2026-05-19,False
025,025.jpg,female_head_0208.jpg,expressionism/female_head_0208.jpg,expressionism,"Ein blau-grünes Gesicht mit dunklem Haar steht vor grünlichem Hintergrund. Der Kopf ist leicht geneigt, und ein roter Akzent sitzt am Hals.","Ein einzelnes kühles Porträt füllt die Mitte. Dunkle Haare, grüner Hintergrund und ein kleiner roter Halsbereich geben dem Gesicht Orientierung.",Drei orangefarbene Maskengesichter stehen vor hellblauem Grund.,"A blue-green face with dark hair appears before a greenish background. The head is slightly tilted, and a red accent sits at the neck.","A single cool-toned portrait fills the center. Dark hair, green background, and a small red neck area orient the face.",Three orange mask-like faces stand before a light blue ground.,image_type=expressionism; source=direct_image_inspection; language=de; fit_levels=high_partial_low; prompt_repair_visual_form_human_style_2026-05-19,False
026,026.jpg,fertility_ii_0197.jpg,expressionism/fertility_ii_0197.jpg,expressionism,"Drei Figuren stehen in einem grünen Garten mit Baum in der Mitte. Links trägt eine Figur einen roten runden Korb, rechts steht eine blaue Figur mit hellem Hut.","Eine kleine Figurengruppe ist in grüne Pflanzen eingebettet. Der Baum teilt die Szene, und rote sowie blaue Kleidungsflächen setzen Akzente.",Eine einzelne sitzende Figur steht in einem Stuhl vor leerem Innenraum.,"Three figures stand in a green garden with a tree in the center. On the left, one figure carries a red round basket; on the right, a blue figure wears a pale hat.","A small group of figures is embedded in green plants. The tree divides the scene, while red and blue clothing areas create accents.",A single seated figure appears in a chair before an empty interior.,image_type=expressionism; source=direct_image_inspection; language=de; fit_levels=high_partial_low; prompt_repair_visual_form_human_style_2026-05-19,False
027,027.jpg,candidate_029_expressionism_leon_indenbaum_1915.jpg,candidate_images/chosen/candidate_029_expressionism_leon_indenbaum_1915.jpg,expressionism,"Ein längliches helles Gesicht steht frontal in der Mitte vor dunklem Hintergrund. Haare, Augen und schmale Gesichtszüge sind weich und reduziert gezeichnet.","Ein einzelner heller Kopf füllt die zentrale Bildfläche. Der Hintergrund bleibt dunkel, und die Gesichtsform ist lang und ruhig.",Zwei dunkle Maskenköpfe stehen nebeneinander auf hellem Grund.,"An elongated pale face faces forward in the center against a dark background. Hair, eyes, and narrow facial features are softly and sparsely drawn.","A single pale head fills the central image area. The background stays dark, and the face shape is long and calm.",Two dark mask heads stand side by side on a light ground.,image_type=expressionism; source=chosen_candidate_direct_image_inspection; language=de; fit_levels=high_partial_low; prompt_repair_visual_form_human_style_2026-05-19,False
028,028.jpg,girl_combing_her_hair_0037.jpg,expressionism/girl_combing_her_hair_0037.jpg,expressionism,Eine orange-rote sitzende Figur beugt sich nach links unten in einem hellen Innenraum. Helle Wandflächen und eine bläuliche Form rechts rahmen die Figur.,"Eine warme gebeugte Körperform sitzt in einer hellen, kantigen Umgebung. Der Blick fällt auf den roten Körper und die helle Fläche links oben.",Eine grüne Landschaft mit drei stehenden Figuren und Baum füllt das Bild.,An orange-red seated figure bends down toward the lower left in a pale interior. Pale wall areas and a bluish form on the right frame the figure.,A warm bent body form sits in a light angular setting. The eye falls on the red body and the pale area at the upper left.,A green landscape with three standing figures and a tree fills the image.,image_type=expressionism; source=direct_image_inspection; language=de; fit_levels=high_partial_low; prompt_repair_visual_form_human_style_2026-05-19,False
029,029.jpg,gretchen_0114.jpg,expressionism/gretchen_0114.jpg,expressionism,Eine schmale stehende Figur in grauer Kleidung hält ein Kind oder Bündel vor dem Körper. Viel weißer Hintergrund umgibt die dunkle Zeichnung.,Eine kleine dunkle Figurengruppe steht isoliert auf hellem Papier. Die wichtigsten Formen liegen eng am Oberkörper und Kopfbereich.,Eine farbige sitzende Person in blauem Oberteil und rosa Rock füllt einen Innenraum.,A narrow standing figure in gray clothing holds a child or bundle in front of the body. Much white background surrounds the dark drawing.,A small dark group of figures stands isolated on pale paper. The main forms lie close around the torso and head.,A colored seated person in a blue top and pink skirt fills an interior.,image_type=expressionism; source=direct_image_inspection; language=de; fit_levels=high_partial_low; prompt_repair_visual_form_human_style_2026-05-19,False
030,030.jpg,man_and_woman_0101.jpg,expressionism/man_and_woman_0101.jpg,expressionism,"Zwei nackte Figuren sitzen in dunklem Innenraum. Links ist eine hellere sitzende Figur, rechts beugt sich eine dunklere Figur nach unten.","Zwei warme Körperformen stehen vor einem dunklen Hintergrund. Eine Figur ist aufgerichteter, die andere stärker nach vorn gebeugt.",Eine einzelne stehende Mutterfigur mit Kind liegt vor blauem Außenraum.,"Two nude figures sit in a dark interior. On the left is a lighter seated figure, while on the right a darker figure bends downward.","Two warm body forms stand against a dark background. One figure is more upright, the other bends more strongly forward.",A single standing mother figure with child appears before a blue outdoor space.,image_type=expressionism; source=direct_image_inspection; language=de; fit_levels=high_partial_low; prompt_repair_visual_form_human_style_2026-05-19,False
031,031.jpg,maternit_233_after_picasso_0194.jpg,expressionism/maternit_233_after_picasso_0194.jpg,expressionism,"Eine Frau in blauem Mantel sitzt frontal auf einem Stuhl, ein heller Hund liegt rechts unten. Das helle Kleid und der dunkle Stuhl stehen vor blauem Grund.",Eine sitzende Figur mit blauem Umhang und hellem Körper füllt die Mitte. Rechts unten liegt eine kleine helle Tierform am Boden.,Eine dunkle gebeugte Figur steht allein in einer roten Landschaft.,"A woman in a blue coat sits frontally on a chair, with a pale dog lying at the lower right. The pale dress and dark chair stand before a blue ground.",A seated figure with a blue cloak and pale body fills the center. A small pale animal shape lies on the floor at the lower right.,A dark bent figure stands alone in a red landscape.,image_type=expressionism; source=direct_image_inspection; language=de; fit_levels=high_partial_low; prompt_repair_visual_form_human_style_2026-05-19,False
032,032.jpg,miguel_de_cervantes_0146.jpg,expressionism/miguel_de_cervantes_0146.jpg,expressionism,Eine dunkle Figur geht auf einem hellen Weg durch eine Landschaft mit Windmühle. Der Weg führt diagonal nach hinten zu Horizont und Himmel.,"Ein einzelner Wanderer steht auf einem hellen Pfad in einer dunklen Landschaft. Mühle, Weg und Himmel bilden die wichtigsten Orientierungspunkte.",Eine sitzende Frau in blauem Mantel steht frontal in einem Innenraum mit Stuhl und Hund.,A dark figure walks on a pale path through a landscape with a windmill. The path leads diagonally back toward the horizon and sky.,"A single walker stands on a pale path in a dark landscape. Mill, path, and sky are the main orientation points.",A seated woman in a blue coat appears frontally in an interior with chair and dog.,image_type=expressionism; source=direct_image_inspection; language=de; fit_levels=high_partial_low; prompt_repair_visual_form_human_style_2026-05-19,False
033,033.jpg,misery_0089.jpg,expressionism/misery_0089.jpg,expressionism,Ein dunkler Innenraum zeigt mehrere Figuren und Betten oder Liegeflächen. Helle Gesichter und weiße Bettformen treten aus dem Schwarz hervor.,Eine schwarz-weiße Szene ist stark von Dunkelheit geprägt. Kleine helle Figuren und helle Flächen liegen in der unteren und linken Bildhälfte.,Eine helle Landschaft mit Fluss und grünen Ufern füllt das Bild.,A dark interior shows several figures and beds or lying surfaces. Pale faces and white bed shapes emerge from the blackness.,A black-and-white scene is strongly dominated by darkness. Small pale figures and light areas lie in the lower and left half.,A bright landscape with a river and green banks fills the image.,image_type=expressionism; source=direct_image_inspection; language=de; fit_levels=high_partial_low; prompt_repair_visual_form_human_style_2026-05-19,False
034,034.jpg,mother_and_child_on_the_beach_0214.jpg,expressionism/mother_and_child_on_the_beach_0214.jpg,expressionism,"Eine stehende Frau mit Kind steht vor blau-grünem Hintergrund. Die Figur ist in dunkle Kleidung gehüllt, das Kind liegt hell am Oberkörper.",Eine längliche Mutter-Kind-Form steht zentral vor kühlem Hintergrund. Dunkle Kleidung und heller Kopfbereich bestimmen die Figur.,Eine einzelne dunkle Figur geht auf einem Weg an einer Windmühle vorbei.,"A standing woman with a child appears before a blue-green background. The figure is wrapped in dark clothing, and the child lies pale at the torso.",An elongated mother-and-child form stands centrally before a cool background. Dark clothing and a pale head area define the figure.,A single dark figure walks on a path past a windmill.,image_type=expressionism; source=direct_image_inspection; language=de; fit_levels=high_partial_low; prompt_repair_visual_form_human_style_2026-05-19,False
035,035.jpg,night_0017.jpg,expressionism/night_0017.jpg,expressionism,"Ein dunkler Innenraum wird von hellem Licht durch ein Fenster und über den Boden geteilt. Treppe, Wand und Lichtstreifen führen diagonal nach unten.",Helle Lichtbahnen fallen in einen dunklen Raum und treffen auf Boden und Wand. Ein Fensterbereich oben rechts wirkt wie die Lichtquelle.,Ein breiter Fluss zieht durch eine grüne Landschaft unter hellem Himmel.,"A dark interior is divided by pale light coming through a window and across the floor. Stairs, wall, and light stripes lead diagonally downward.",Pale bands of light fall into a dark room and touch floor and wall. A window area at the upper right appears to be the light source.,A broad river runs through a green landscape under a bright sky.,image_type=expressionism; source=direct_image_inspection; language=de; fit_levels=high_partial_low; prompt_repair_visual_form_human_style_2026-05-19,False
036,036.jpg,old_fisherman_0239.jpg,expressionism/old_fisherman_0239.jpg,expressionism,"Ein älterer Mann mit Mütze hält die Hände nah am Mund. Gesicht, Hände und dunkle Kleidung liegen vor einem gedämpften Landschaftshintergrund.","Ein frontales Porträt zeigt einen Mann mit gebeugten Händen vor dem Gesicht. Die Farben sind braun, grau und blassrosa.",Eine helle leere Zimmerwand mit Fenster und Lichtstreifen füllt das Bild.,"An older man with a cap holds his hands close to his mouth. Face, hands, and dark clothing sit before a muted landscape background.","A frontal portrait shows a man with bent hands before his face. The colors are brown, gray, and pale pink.",A pale empty room wall with a window and light stripes fills the image.,image_type=expressionism; source=direct_image_inspection; language=de; fit_levels=high_partial_low; prompt_repair_visual_form_human_style_2026-05-19,False
037,037.jpg,peat_digging_0251.jpg,expressionism/peat_digging_0251.jpg,expressionism,"Ein heller Fluss oder Bach zieht durch dunkle grüne Ufer in die Tiefe. Helle Häuser liegen am oberen Rand, der Wasserlauf dominiert die Mitte.","Eine Landschaft wird von einem hellen Wasserstreifen geteilt. Dunkle grüne Ufer rahmen das Wasser, und kleine helle Formen sitzen weit hinten.",Ein älterer Mann mit Mütze und Händen vor dem Mund füllt die Mitte.,"A pale river or stream runs through dark green banks into depth. Pale houses lie near the upper edge, and the watercourse dominates the center.","A landscape is divided by a pale strip of water. Dark green banks frame the water, and small pale forms sit far back.",An older man with a cap and hands before his mouth fills the center.,image_type=expressionism; source=direct_image_inspection; language=de; fit_levels=high_partial_low; prompt_repair_visual_form_human_style_2026-05-19,False
038,038.jpg,radiant_sunset_0262.jpg,expressionism/radiant_sunset_0262.jpg,expressionism,Eine helle Sonne steht tief am Horizont und wirft einen senkrechten Lichtstreifen über violette und blaue Felder. Dunkle Bäume sitzen rechts und am Horizont.,Eine Landschaft mit leuchtender Sonne und starken Farbstreifen führt in die Tiefe. Der helle vertikale Sonnenreflex teilt die untere Bildhälfte.,Ein dunkler Innenraum mit Fenster und schrägen Lichtbahnen füllt das Bild.,A bright sun stands low on the horizon and casts a vertical strip of light across violet and blue fields. Dark trees sit to the right and along the horizon.,A landscape with a glowing sun and strong color bands leads into depth. The bright vertical sun reflection divides the lower half.,A dark interior with a window and slanting light bands fills the image.,image_type=expressionism; source=direct_image_inspection; language=de; fit_levels=high_partial_low; prompt_repair_visual_form_human_style_2026-05-19,False
039,039.jpg,separation_0085.jpg,expressionism/separation_0085.jpg,expressionism,Eine dunkle stehende Figur befindet sich links neben einer großen weißen vasenartigen Form. Der Hintergrund ist grau-violett mit schwarzen schwebenden Flecken.,Eine Figur und eine helle geschwungene Gefäßform stehen nebeneinander. Dunkle organische Flecken liegen im oberen Bereich.,Eine helle Sonne über violetten Feldern teilt eine Landschaft mit starkem Lichtstreifen.,A dark standing figure appears on the left beside a large white vase-like form. The background is gray-violet with black floating patches.,A figure and a pale curved vessel form stand side by side. Dark organic spots lie in the upper area.,A bright sun over violet fields divides a landscape with a strong light stripe.,image_type=expressionism; source=direct_image_inspection; language=de; fit_levels=high_partial_low; prompt_repair_visual_form_human_style_2026-05-19,False
040,040.jpg,skeletons_fighting_over_a_pickled_herring_0031.jpg,expressionism/skeletons_fighting_over_a_pickled_herring_0031.jpg,expressionism,"Zwei Totenschädel oder maskenhafte Köpfe stehen rechts unten, einer trägt eine dunkle Federform. Der Hintergrund ist rosa-violett und weich bewegt.","Zwei helle Schädel- oder Kopfprofile stehen eng beieinander. Dunkle Akzente an Auge, Mund und Feder heben sich vom warmen Hintergrund ab.",Eine einzelne dunkle Figur steht neben einer großen weißen Vase auf grauem Grund.,"Two skulls or mask-like heads stand at the lower right, one carrying a dark feather-like form. The background is pink-violet and softly moving.","Two pale skull or head profiles stand close together. Dark accents at eye, mouth, and feather stand out against the warm background.",A single dark figure stands beside a large white vase on a gray ground.,image_type=expressionism; source=direct_image_inspection; language=de; fit_levels=high_partial_low; prompt_repair_visual_form_human_style_2026-05-19,False
041,041.jpg,the_family_of_blind_man_0291.jpg,expressionism/the_family_of_blind_man_0291.jpg,expressionism,"Eine schmale blaue Figur steht gebeugt vor hellblauem Hintergrund. Dunkle und weiße Pinselstriche formen Kopf, Körper und Beine.","Ein einzelner blauer Körper ist aus lockeren Strichen aufgebaut. Die Figur wirkt aufrecht, aber gebogen, und steht fast allein im hellen Raum.",Zwei helle Schädel stehen rechts unten vor rosa Hintergrund.,"A narrow blue figure stands bent before a light blue background. Dark and white brushstrokes form head, body, and legs.",A single blue body is built from loose strokes. The figure appears upright but bent and stands almost alone in the pale space.,Two pale skulls stand at the lower right before a pink background.,image_type=expressionism; source=direct_image_inspection; language=de; fit_levels=high_partial_low; prompt_repair_visual_form_human_style_2026-05-19,False
042,042.jpg,candidate_030_surrealism_meliboeus.jpg,candidate_images/chosen/candidate_030_surrealism_meliboeus.jpg,surrealism,"Ein Gesicht mit Kopftuch füllt das Bild und ist von dunklen Linien und Blattformen überzogen. Augen, Mund und gefaltete Hände liegen eng in der Mitte.","Eine große kopfähnliche Form mit hellem Tuch steht frontal im Bild. Dunkle Linien kreuzen Gesicht, Hände und Brustbereich.",Drei glatte orange Masken stehen nebeneinander vor blauem Grund.,"A face with a headscarf fills the image and is crossed by dark lines and leaf forms. Eyes, mouth, and folded hands lie close together in the center.","A large head-like form with a pale cloth faces forward in the image. Dark lines cross the face, hands, and chest area.",Three smooth orange masks stand side by side before a blue ground.,image_type=surrealism; source=chosen_candidate_direct_image_inspection; language=de; fit_levels=high_partial_low; prompt_repair_visual_form_human_style_2026-05-19,False
043,043.jpg,woman_with_dead_child_0295.jpg,expressionism/woman_with_dead_child_0295.jpg,expressionism,Eine dunkle zusammengerollte Figur oder Körperform liegt über einer helleren liegenden Form. Die Zeichnung ist schwarz-grau und stark auf Körperkonturen konzentriert.,Zwei ineinander liegende Körperformen füllen die Mitte auf hellem Grund. Dunkle Schraffuren sammeln sich vor allem oben und rechts.,Ein blaues stehendes Ganzkörperporträt füllt den hellblauen Raum.,A dark curled figure or body form lies above a paler reclining form. The drawing is black-gray and strongly focused on body contours.,Two interlocking body forms fill the center on a pale ground. Dark hatching gathers mostly at the top and right.,A blue standing full-body portrait fills the light blue space.,image_type=expressionism; source=direct_image_inspection; language=de; fit_levels=high_partial_low; prompt_repair_visual_form_human_style_2026-05-19,False
044,044.jpg,candidate_030_surrealism_trois_masques_1933.jpg,candidate_images/chosen/candidate_030_surrealism_trois_masques_1933.jpg,surrealism,Drei maskenartige Gesichter stehen vor blauem Hintergrund. Ein helles frontales Gesicht in der Mitte wird von zwei orangefarbenen Profilen eingerahmt.,"Drei gesichtsähnliche Formen stehen dicht nebeneinander auf blauem Grund. Die mittlere Form ist hell und frontal, die seitlichen Formen sind orange.",Ein einzelnes dunkles Gesicht mit Kopftuch füllt das Bild vor braunem Grund.,Three mask-like faces stand before a blue background. A pale frontal face in the center is framed by two orange profiles.,"Three face-like forms stand close together on a blue ground. The middle form is pale and frontal, while the side forms are orange.",A single dark face with a headscarf fills the image before a brown ground.,image_type=surrealism; source=chosen_candidate_direct_image_inspection; language=de; fit_levels=high_partial_low; prompt_repair_visual_form_human_style_2026-05-19,False
045,045.jpg,chicken_wire_0298.jpg,minimalism/chicken_wire_0298.jpg,minimalism,Ein regelmäßiges helles Wabenmuster bedeckt fast das ganze Bild. Die sechseckigen Linien sind gelblich und werden zum Rand hin etwas dunkler.,Viele helle sechseckige Zellen bilden ein flaches Muster. Der Blick folgt den feinen Linien über die gesamte Fläche.,Ein großer schwarzer Kreis steht auf hellem Grund über einer dunklen Schattenform.,A regular pale honeycomb pattern covers almost the whole image. The hexagonal lines are yellowish and become slightly darker toward the edges.,Many pale hexagonal cells form a flat pattern. The eye follows the fine lines across the entire surface.,A large black circle stands on a pale ground above a dark shadow form.,image_type=minimalism; source=direct_image_inspection; language=de; fit_levels=high_partial_low; prompt_repair_visual_form_human_style_2026-05-19,False
046,046.jpg,d1_6_0207.jpg,minimalism/d1_6_0207.jpg,minimalism,"Ein großer schwarzer Kreis hängt oben in einer hellen quadratischen Fläche, darunter liegt eine dunkle verschwommene Schattenform. Der Aufbau ist stark vertikal.","Eine schwarze runde Form dominiert die obere Mitte, darunter sitzt ein weicher dunkler Fleck. Der helle Hintergrund bleibt fast leer.",Ein helles Wabenmuster aus vielen kleinen Sechsecken bedeckt die ganze Fläche.,"A large black circle hangs high in a pale square field, with a dark blurred shadow form below. The structure is strongly vertical.","A black round form dominates the upper center, with a soft dark patch below. The pale background remains almost empty.",A pale honeycomb pattern of many small hexagons covers the whole surface.,image_type=minimalism; source=direct_image_inspection; language=de; fit_levels=high_partial_low; prompt_repair_visual_form_human_style_2026-05-19,False
047,047.jpg,sex_symbol_0190.jpg,minimalism/sex_symbol_0190.jpg,minimalism,"Ein schwarzer Kreis sitzt in der Mitte einer hellen senkrechten Fläche. Darüber liegt ein halbkreisförmiger dunkler Bogen, darunter kleine schwarze Linien wie ein Sockel.","Eine reduzierte zeichenhafte Form besteht aus Kreis, Bogen und kurzen Linien auf hellem Grund. Die Formen sind streng entlang der Mittelachse angeordnet.",Mehrere farbige Ringe liegen waagrecht auf weißem Grund und überlappen rechts.,"A black circle sits in the center of a pale vertical field. Above it lies a dark semicircular arc, and below it small black lines form a base-like mark.","A reduced sign-like form consists of circle, arc, and short lines on a pale ground. The forms are strictly arranged along the central axis.",Several colored rings lie horizontally on a white ground and overlap on the right.,image_type=minimalism; source=direct_image_inspection; language=de; fit_levels=high_partial_low; prompt_repair_visual_form_human_style_2026-05-19,False
048,048.jpg,split_ring_image_1_2009_0041.jpg,minimalism/split_ring_image_1_2009_0041.jpg,minimalism,"Zwei große farbige Ringsegmente bilden eine fast geschlossene Kreisform auf weißem Grund. Links ist das Segment gelbgrün, rechts orange-rot.",Eine kreisförmige offene Form aus gelben und roten Teilen liegt zentral auf hellem Grund. Die Mitte bleibt als weißes Loch frei.,Ein schwarzer Kreis mit halbkreisförmigem Bogen steht senkrecht auf hellem Grund.,"Two large colored ring segments form an almost closed circular shape on a white ground. The left segment is yellow-green, the right one orange-red.",A circular open form made of yellow and red parts lies centrally on a pale ground. The middle remains open as a white hole.,A black circle with a semicircular arc stands vertically on a pale ground.,image_type=minimalism; source=direct_image_inspection; language=de; fit_levels=high_partial_low; prompt_repair_visual_form_human_style_2026-05-19,False
049,049.jpg,candidate_044_realism_landscape_with_a_flowerbed_1917.jpg,candidate_images/chosen/candidate_044_realism_landscape_with_a_flowerbed_1917.jpg,realism,"Ein heller Garten mit Blumenbeet liegt zwischen grünen Bäumen. Helle Wege, viele kleine Blüten und gelbe Bäume füllen die mittlere Tiefe.",Eine grüne Gartenszene mit bunten Blumen und hellen Wegen öffnet sich in die Tiefe. Die meisten Details liegen im unteren und mittleren Bildbereich.,Eine abstrakte Kreisform aus roten und gelben Segmenten liegt auf weißem Grund.,"A bright garden with a flower bed lies between green trees. Pale paths, many small blossoms, and yellow trees fill the middle depth.",A green garden scene with colorful flowers and pale paths opens into depth. Most details lie in the lower and middle part of the image.,An abstract circular form made of red and yellow segments lies on a white ground.,image_type=realism; source=chosen_candidate_direct_image_inspection; language=de; fit_levels=high_partial_low; prompt_repair_visual_form_human_style_2026-05-19,False
050,050.jpg,a_panic_in_the_middle_ages_0264.jpg,surrealism/a_panic_in_the_middle_ages_0264.jpg,surrealism,Mehrere weiß gekleidete Figuren verrenken sich in einem Raum mit rotem Rahmen und dunklem Boden. Die Körper liegen diagonal und wirken in Bewegung.,Eine Gruppe heller menschlicher Formen befindet sich in einem innenraumartigen Bild. Rote vertikale Kanten und der graue Boden rahmen die Bewegung.,Ein ruhiger Garten mit vielen Blumen und hellen Wegen füllt eine grüne Landschaft.,Several white-clothed figures twist inside a room with a red frame and dark floor. The bodies lie diagonally and appear in motion.,A group of pale human forms appears in an interior-like image. Red vertical edges and the gray floor frame the movement.,A quiet garden with many flowers and pale paths fills a green landscape.,image_type=surrealism; source=direct_image_inspection; language=de; fit_levels=high_partial_low; prompt_repair_visual_form_human_style_2026-05-19,False
051,051.jpg,candidate_050_impressionism_the_blue_vase.jpg,candidate_images/chosen/candidate_050_impressionism_the_blue_vase.jpg,impressionism,"Eine helle blau-weiße Vase steht auf einem braunen Tisch, darin gelbe und rosa Blüten. Rechts unten liegt eine helle runde Frucht oder Blüte auf dem Tisch.",Ein Blumenstillleben mit heller Vase steht vor grauem Hintergrund. Die gelbe Blüte oben und die helle Form unten rechts ziehen besonders Aufmerksamkeit an.,Ein dunkles rotes Gefäß trägt einen breiten gelb-violetten Strauß vor braunem Hintergrund.,"A pale blue-white vase stands on a brown table, holding yellow and pink blossoms. At the lower right, a pale round fruit or blossom lies on the table.",A flower still life with a pale vase stands before a gray background. The yellow blossom above and the pale form at the lower right draw particular attention.,A dark red vessel holds a broad yellow-violet bouquet against a brown background.,image_type=impressionism; source=chosen_candidate_direct_image_inspection; language=de; fit_levels=high_partial_low; prompt_repair_visual_form_human_style_2026-05-19,False
052,052.jpg,before_the_snow_0016.jpg,surrealism/before_the_snow_0016.jpg,surrealism,"Eine helle rosa Blütenform liegt zentral vor dunklem Hintergrund, weitere rosa Blattformen schweben rechts oben. Eine waagrechte rote Linie zieht durch den unteren Bereich.","Pinke Blüten- oder Blattformen leuchten vor einem dunklen Feld. Die größte helle Form sitzt etwas links der Mitte, kleinere Formen liegen oben rechts.",Eine Vase mit gelben Blüten steht auf braunem Tisch vor grauem Grund.,"A pale pink flower form lies centrally before a dark background, with additional pink leaf forms floating at the upper right. A horizontal red line runs through the lower area.","Pink flower or leaf forms glow before a dark field. The largest pale form sits slightly left of center, with smaller forms at the upper right.",A vase with yellow blossoms stands on a brown table before a gray ground.,image_type=surrealism; source=direct_image_inspection; language=de; fit_levels=high_partial_low; prompt_repair_visual_form_human_style_2026-05-19,False
053,053.jpg,checkmate_0209.jpg,surrealism/checkmate_0209.jpg,surrealism,Ein Frauenkopf mit geschlossenen Augen sitzt in einem perspektivischen Raum mit schwarz-weißem Schachboden. Links oben hängt eine kleine helle Form an einer Schnur.,Ein Gesicht im Vordergrund wird von einem kastenartigen Raum und Schachboden umgeben. Die Linien führen nach hinten in eine dunkle Öffnung.,Pinke Blütenformen schweben auf dunklem Grund über einer roten Linie.,"A woman's head with closed eyes sits in a perspective room with a black-and-white checkerboard floor. At the upper left, a small pale form hangs from a string.",A face in the foreground is surrounded by a box-like room and checkerboard floor. The lines lead backward into a dark opening.,Pink flower forms float on a dark ground above a red line.,image_type=surrealism; source=direct_image_inspection; language=de; fit_levels=high_partial_low; prompt_repair_visual_form_human_style_2026-05-19,False
054,054.jpg,composition_0297.jpg,surrealism/composition_0297.jpg,surrealism,"Auf blauem Grund liegen eine schwarze schräge Rechteckform, eine weiße vogelartige Form und gelb-schwarze Flächen. Die Elemente schweben lose im Bildraum.",Mehrere isolierte Formen verteilen sich auf einem blauen Feld. Ein dunkler Block links unten und eine helle Form rechts oben bilden die stärksten Gegensätze.,Ein Gesicht mit geschlossenen Augen sitzt vor einem schwarz-weißen Schachboden in einem engen Raum.,"On a blue ground lie a black slanted rectangular form, a white bird-like form, and yellow-black areas. The elements float loosely in the pictorial space.",Several isolated forms are spread across a blue field. A dark block at the lower left and a pale form at the upper right create the strongest contrasts.,A face with closed eyes sits before a black-and-white checkerboard floor in a tight room.,image_type=surrealism; source=direct_image_inspection; language=de; fit_levels=high_partial_low; prompt_repair_visual_form_human_style_2026-05-19,False
055,055.jpg,dance_0182.jpg,surrealism/dance_0182.jpg,surrealism,"Eine vereinfachte bunte Tier- oder Körperform steht vor ockerfarbenem Grund. Blaue, rote, gelbe und schwarze Flächen bilden einen geschwungenen zentralen Körper.",Eine große organische Form aus farbigen Flächen steht in der Mitte. Ein blauer oberer Bereich und dunkle beinartige Formen geben ihr Richtung.,Mehrere kleine abstrakte Formen schweben getrennt auf blauem Grund.,"A simplified colorful animal- or body-like form stands before an ocher ground. Blue, red, yellow, and black areas build a curved central body.",A large organic form made of colored areas stands in the center. A blue upper area and dark leg-like forms give it direction.,Several small abstract forms float separately on a blue ground.,image_type=surrealism; source=direct_image_inspection; language=de; fit_levels=high_partial_low; prompt_repair_visual_form_human_style_2026-05-19,False
056,056.jpg,eve_the_only_one_left_to_us_0171.jpg,surrealism/eve_the_only_one_left_to_us_0171.jpg,surrealism,"Eine helle, zottige kopfartige Form steht auf einem schmalen Hals vor dunklem braunem Hintergrund. Rechts begrenzt eine helle strukturierte Wandkante den Raum.",Ein einzelner heller Kopf oder Haarbüschel sitzt oben auf einer schmalen Stütze. Dunkle Flächen und eine helle rechte Kante rahmen die Form.,Eine bunte geschwungene Tierform steht auf ockerfarbenem Grund mit blauen und roten Flächen.,"A pale shaggy head-like form stands on a narrow neck before a dark brown background. On the right, a pale textured wall edge limits the space.",A single pale head or tuft of hair sits atop a narrow support. Dark areas and a pale right edge frame the form.,A colorful curved animal-like form stands on an ocher ground with blue and red areas.,image_type=surrealism; source=direct_image_inspection; language=de; fit_levels=high_partial_low; prompt_repair_visual_form_human_style_2026-05-19,False
057,057.jpg,candidate_061_expressionism_still_life_with_sunflower_1931.jpg,candidate_images/chosen/candidate_061_expressionism_still_life_with_sunflower_1931.jpg,expressionism,"Eine große gelbe Sonnenblume steht in einer hellen Vase vor grauem Hintergrund. Dunkle grüne Blätter rahmen die Blüte seitlich, unten liegt ein schmaler gelber Tischrand.","Eine runde gelbe Blütenform dominiert die Mitte über einem hellen Gefäß. Grauer Hintergrund, grüne Blätter und eine horizontale Tischkante strukturieren das Bild.",Ein breiter violett-gelber Blumenstrauß steht in einer dunklen roten Vase vor braunem Grund.,"A large yellow sunflower stands in a pale vase before a gray background. Dark green leaves frame the blossom on the sides, and a narrow yellow table edge lies below.","A round yellow flower form dominates the center above a pale vessel. Gray background, green leaves, and a horizontal table edge structure the image.",A broad violet-yellow bouquet stands in a dark red vase against a brown ground.,image_type=expressionism; source=chosen_candidate_direct_image_inspection; language=de; fit_levels=high_partial_low; prompt_repair_visual_form_human_style_2026-05-19,False
058,058.jpg,habitantes_del_silencio_2_0139.jpg,surrealism/habitantes_del_silencio_2_0139.jpg,surrealism,"Eine dunkle Tier- oder Fellform liegt auf blauem Grund, darin leuchten orangebraune und weiße kleine Formen. Die Mitte wirkt dicht und organisch.",Eine dunkle liegende Form enthält helle kleine Akzente und warme braune Bereiche. Der blaue Hintergrund rahmt die kompakte Mitte.,Eine einzelne gelbe Sonnenblume steht in heller Vase vor grauem Grund.,"A dark animal- or fur-like form lies on a blue ground, containing glowing orange-brown and small white forms. The center feels dense and organic.",A dark reclining form contains small pale accents and warm brown areas. The blue background frames the compact center.,A single yellow sunflower stands in a pale vase before a gray ground.,image_type=surrealism; source=direct_image_inspection; language=de; fit_levels=high_partial_low; prompt_repair_visual_form_human_style_2026-05-19,False
059,059.jpg,candidate_063_expressionism_still_life_1964.jpg,candidate_images/chosen/candidate_063_expressionism_still_life_1964.jpg,expressionism,"Ein Stillleben mit schwarzer Flasche, Kanne, Tassen und Schale steht vor orangefarbenem Holzgrund. Die Gegenstände liegen auf einer hellen Tischfläche mit dunklen Konturen.","Mehrere Gefäße und Tischobjekte sind klar mit schwarzen Linien gezeichnet. Orange Wand, helle Tischplatte und dunkle Flasche ordnen die Szene.",Eine dunkle organische Form liegt auf blauem Grund mit kleinen weißen Blütenakzenten.,"A still life with a black bottle, pot, cups, and bowl stands before an orange wooden ground. The objects lie on a pale tabletop with dark contours.","Several vessels and table objects are clearly drawn with black lines. Orange wall, pale tabletop, and dark bottle organize the scene.",A dark organic form lies on a blue ground with small white blossom accents.,image_type=expressionism; source=chosen_candidate_direct_image_inspection; language=de; fit_levels=high_partial_low; prompt_repair_visual_form_human_style_2026-05-19,False
060,060.jpg,leaf_customs_0172.jpg,surrealism/leaf_customs_0172.jpg,surrealism,Ein langes helles Blatt oder eine Feder steht senkrecht auf grünlich-grauem Grund. Feine dunkle Linien teilen die Form entlang einer Mittelachse.,Eine schmale natürliche Form füllt die Bildhöhe fast vollständig. Der helle Körper und seine dunkle Mittelrippe stehen vor gedämpftem Hintergrund.,"Ein Stillleben mit Flasche, Kanne und Tassen steht auf hellem Tisch vor orangefarbenem Holz.",A long pale leaf or feather stands vertically on a greenish-gray ground. Fine dark lines divide the form along a central axis.,A narrow natural form fills almost the full image height. The pale body and its dark central rib stand before a muted background.,"A still life with bottle, pot, and cups stands on a pale table before orange wood.",image_type=surrealism; source=direct_image_inspection; language=de; fit_levels=high_partial_low; prompt_repair_visual_form_human_style_2026-05-19,False
061,061.jpg,one_night_museum_0269.jpg,surrealism/one_night_museum_0269.jpg,surrealism,"Vier Kastenfelder zeigen oben eine Hand und ein rundes Objekt, unten einen Schuh und ein rosa Feld mit schwarzen Zeichen und Gesicht. Die Komposition ist streng in Rechtecke geteilt.","Ein Regal- oder Schaukastenmotiv ordnet einzelne Objekte in vier Felder. Hand, Schuh und Musterfläche sind getrennt voneinander sichtbar.",Ein einzelnes langes Blatt steht senkrecht auf grünlichem Grund.,"Four box-like compartments show a hand and round object above, a shoe and a pink field with black signs and a face below. The composition is strictly divided into rectangles.","A shelf or display-case motif arranges separate objects into four fields. Hand, shoe, and patterned field are visible apart from one another.",A single long leaf stands vertically on a greenish ground.,image_type=surrealism; source=direct_image_inspection; language=de; fit_levels=high_partial_low; prompt_repair_visual_form_human_style_2026-05-19,False
062,062.jpg,pieta_revolution_by_night_0080.jpg,surrealism/pieta_revolution_by_night_0080.jpg,surrealism,"Zwei Figuren sitzen oder stehen in einem braunen Innenraum; links eine helle Figur mit roter Hose, rechts eine dunkle Figur mit Hut. Eine kleine weiße Form liegt rechts in der Luft.","Eine Figurengruppe aus heller und dunkler Person ist vor braunen Wänden angeordnet. Rote Hose, Hut und kantige Raumlinien strukturieren die Szene.","Vier Kastenfelder zeigen einzelne Objekte wie Hand, Schuh und Muster.","Two figures sit or stand in a brown interior; on the left a pale figure with red trousers, on the right a dark figure with a hat. A small white form floats at the right.","A group of a pale and a dark person is arranged before brown walls. Red trousers, hat, and angular room lines structure the scene.","Four box compartments show separate objects such as hand, shoe, and pattern.",image_type=surrealism; source=direct_image_inspection; language=de; fit_levels=high_partial_low; prompt_repair_visual_form_human_style_2026-05-19,False
063,063.jpg,popular_panorama_0214.jpg,surrealism/popular_panorama_0214.jpg,surrealism,"Eine winterliche Landschaft zeigt dunkle Baumreihen, ein weißes Haus unten rechts und Berge unter grauem Himmel. Helle Straßen oder Dächer führen in die Tiefe.","Kühle Blau- und Grautöne bestimmen eine Landschaft mit Haus, Bäumen und Bergen. Das weiße Haus sitzt deutlich im unteren rechten Bereich.",Zwei Figuren in einem braunen Innenraum sitzen nebeneinander mit roter Hose und Hut.,"A wintry landscape shows dark rows of trees, a white house at the lower right, and mountains under a gray sky. Pale roads or roofs lead into depth.","Cool blue and gray tones define a landscape with house, trees, and mountains. The white house sits clearly in the lower right area.",Two figures in a brown interior sit beside each other with red trousers and a hat.,image_type=surrealism; source=direct_image_inspection; language=de; fit_levels=high_partial_low; prompt_repair_visual_form_human_style_2026-05-19,False
064,064.jpg,smoker_head_0164.jpg,surrealism/smoker_head_0164.jpg,surrealism,"Eine helle stilisierte Vogelform oder Kopf-Hals-Form steht vor blauem Grund. Gelbe, rote und schwarze Formen liegen seitlich und im unteren Körperbereich.","Eine weiße geschwungene Form dominiert die Mitte vor kühlem Blau. Farbige Akzente in Gelb, Rot und Schwarz markieren Kopf und Körper.","Eine Schneelandschaft mit Haus, Baumreihen und Bergen füllt den Raum.","A pale stylized bird-like or head-and-neck form stands before a blue ground. Yellow, red, and black shapes sit along the side and lower body.","A white curved form dominates the center before cool blue. Colored accents in yellow, red, and black mark head and body.","A snowy landscape with house, rows of trees, and mountains fills the space.",image_type=surrealism; source=direct_image_inspection; language=de; fit_levels=high_partial_low; prompt_repair_visual_form_human_style_2026-05-19,False
065,065.jpg,stilleben_med_fisk_0250.jpg,surrealism/stilleben_med_fisk_0250.jpg,surrealism,"Ein Stillleben zeigt zwei Fische vor einem großen braunen Teller, einer Flasche, Früchten und einem Fenster mit Strand und Wolke. Die Objekte liegen dicht auf einem blauen Tisch.","Fische, Teller und Flasche bilden ein dichtes Stillleben im Vordergrund. Links hinten öffnet sich ein helles Fenster zu Meer, Sand und Himmel.",Eine helle stilisierte Vogelform steht allein vor blauem Grund mit gelben und roten Akzenten.,"A still life shows two fish before a large brown plate, a bottle, fruit, and a window with beach and cloud. The objects lie densely on a blue table.","Fish, plate, and bottle form a dense still life in the foreground. At the back left, a bright window opens to sea, sand, and sky.",A pale stylized bird-like form stands alone before a blue ground with yellow and red accents.,image_type=surrealism; source=direct_image_inspection; language=de; fit_levels=high_partial_low; prompt_repair_visual_form_human_style_2026-05-19,False
066,066.jpg,the_4th_day_of_the_creation_0204.jpg,surrealism/the_4th_day_of_the_creation_0204.jpg,surrealism,Eine schwarz-weiße Landschaft zeigt strahlenförmiges Licht links oben und einen kleineren Himmelskörper rechts. Darunter liegen viele spitze bergartige Formen.,Helle Strahlen breiten sich über einer dunklen Gebirgslandschaft aus. Zwei Lichtpunkte im Himmel und gezackte weiße Linien bestimmen das Bild.,"Ein farbiges Stillleben mit Fischen, Teller und Flasche liegt auf blauem Tisch vor einem Fenster.",A black-and-white landscape shows radiating light at the upper left and a smaller celestial body on the right. Many pointed mountain-like forms lie below.,Pale rays spread across a dark mountain landscape. Two light points in the sky and jagged white lines define the image.,"A colored still life with fish, plate, and bottle lies on a blue table before a window.",image_type=surrealism; source=direct_image_inspection; language=de; fit_levels=high_partial_low; prompt_repair_visual_form_human_style_2026-05-19,False
067,067.jpg,the_beneficial_promise_0270.jpg,surrealism/the_beneficial_promise_0270.jpg,surrealism,"Ein gelber Kopf mit gefalteten Händen liegt unten in einem gelben Feld, darüber erscheint ein dunkles rundes Fenster mit Frauenprofil. Ein heller Kreis rahmt den Kopf im Fenster.","Unten bilden Hände und Kopf eine ruhige Gebetsform, oben sitzt ein kleiner Porträtkreis. Gelbe Fläche und dunkler Himmel trennen beide Zonen.",Eine schwarz-weiße Berglandschaft mit zwei strahlenden Himmelskörpern füllt das Bild.,"A yellow head with folded hands lies below in a yellow field, while above it a dark round window contains a woman's profile. A pale circle frames the head in the window.","Below, hands and head form a quiet prayer-like shape; above sits a small portrait circle. Yellow field and dark sky separate the two zones.",A black-and-white mountain landscape with two radiant celestial bodies fills the image.,image_type=surrealism; source=direct_image_inspection; language=de; fit_levels=high_partial_low; prompt_repair_visual_form_human_style_2026-05-19,False
068,068.jpg,the_birth_of_idol_0215.jpg,surrealism/the_birth_of_idol_0215.jpg,surrealism,Ein surrealer Innenraum zeigt rechts eine weiße schachfigurartige Form und links ein Bett oder Tisch unter dunklem stürmischem Himmel. Rosa und grüne Flächen teilen den Boden.,Mehrere harte Formen stehen in einem unruhigen Raum mit dunklem Himmel. Eine hohe weiße Figur rechts und ein schräges helles Möbel links lenken den Blick.,Ein gelber Kopf mit gefalteten Händen liegt unter einem runden Porträtfenster.,A surreal interior shows a white chess-piece-like form on the right and a bed or table on the left under a dark stormy sky. Pink and green areas divide the floor.,Several hard forms stand in an unsettled room with a dark sky. A tall white figure on the right and a slanted pale piece of furniture on the left guide the eye.,A yellow head with folded hands lies below a round portrait window.,image_type=surrealism; source=direct_image_inspection; language=de; fit_levels=high_partial_low; prompt_repair_visual_form_human_style_2026-05-19,False
069,069.jpg,the_carbide_lamp_0072.jpg,surrealism/the_carbide_lamp_0072.jpg,surrealism,"Eine braune Lampe oder Kanne steht links auf gelbem Tisch, rechts schneidet ein schwarzer Stuhlbogen ins Bild. Unten links liegt ein kleiner roter runder Akzent.","Ein Stillleben aus dunkler Lampe, Tischfläche und schwarzem gebogenem Stuhlteil ist streng komponiert. Die große gelbe Fläche hält die Objekte ruhig.","Ein surrealer Raum mit Bett, stürmischem Himmel und weißer Schachfigur füllt die Szene.","A brown lamp or pot stands on the left on a yellow table, while a black chair arc cuts into the image on the right. A small red round accent lies at the lower left.","A still life of dark lamp, tabletop, and black curved chair part is strictly composed. The large yellow field holds the objects calmly.","A surreal room with bed, stormy sky, and white chess-piece form fills the scene.",image_type=surrealism; source=direct_image_inspection; language=de; fit_levels=high_partial_low; prompt_repair_visual_form_human_style_2026-05-19,False
070,070.jpg,the_conqueror_0217.jpg,surrealism/the_conqueror_0217.jpg,surrealism,Eine zentrale Holzplatte mit schwarzen Zeichen steht vor roten und schwarzen Farbbändern und weißen welligen Formen. Oben links greift eine grüne Handform ins Bild.,Eine helle rechteckige Form sitzt in der Mitte zwischen welligen weißen Flächen und dunklem Himmel. Schwarze Zeichen und eine grüne Hand setzen Akzente.,Ein gelber Tisch mit brauner Lampe und schwarzem Stuhlbogen füllt den Vordergrund.,"A central wooden panel with black signs stands before red and black color bands and white wavy forms. At the upper left, a green hand-like form reaches into the image.",A pale rectangular form sits in the center between wavy white areas and dark sky. Black signs and a green hand create accents.,A yellow table with a brown lamp and black chair arc fills the foreground.,image_type=surrealism; source=direct_image_inspection; language=de; fit_levels=high_partial_low; prompt_repair_visual_form_human_style_2026-05-19,False
071,071.jpg,the_sculpture_0156.jpg,surrealism/the_sculpture_0156.jpg,surrealism,"Eine Frau in gelbem Kleid sitzt rechts neben einem kleinen weißen Kind oder einer Puppe auf einem roten Ständer. Rote, weiße und schwarze Flächen bilden einen flachen Innenraum.",Zwei figürliche Formen stehen in einem kantigen Raum. Die große sitzende Frau rechts und die kleine helle Figur links sind durch rote Linien verbunden.,Eine Holzplatte mit schwarzen Zeichen steht vor weißen Wellen und dunklem Himmel.,"A woman in a yellow dress sits on the right beside a small white child or doll on a red stand. Red, white, and black areas form a flat interior.",Two figurative forms stand in an angular room. The large seated woman on the right and the small pale figure on the left are connected by red lines.,A wooden panel with black signs stands before white waves and a dark sky.,image_type=surrealism; source=direct_image_inspection; language=de; fit_levels=high_partial_low; prompt_repair_visual_form_human_style_2026-05-19,False
072,072.jpg,christ_in_the_sepulchre_0090.jpg,symbolism/christ_in_the_sepulchre_0090.jpg,symbolism,Eine helle symmetrische flammen- oder blütenartige Form leuchtet vor dunklem dreieckigem Raum. Die Form öffnet sich oben und läuft unten schmal zusammen.,Eine weiße organische Form steht zentral in einem dunklen Innenraum. Helle Ränder und die starke Symmetrie machen die Mitte dominant.,Eine Frau in gelbem Kleid sitzt neben einer kleinen Figur in einem roten Innenraum.,A pale symmetrical flame- or blossom-like form glows before a dark triangular space. The form opens at the top and narrows downward.,A white organic form stands centrally in a dark interior. Pale edges and strong symmetry make the center dominant.,A woman in a yellow dress sits beside a small figure in a red interior.,image_type=symbolism; source=direct_image_inspection; language=de; fit_levels=high_partial_low; prompt_repair_visual_form_human_style_2026-05-19,False
073,073.jpg,death_of_sappho_0222.jpg,symbolism/death_of_sappho_0222.jpg,symbolism,Eine dunkle Felslandschaft mit Wasser und Wolken füllt das Bild. Links unten und in der Mitte liegen helle Wasser- oder Lichtflächen zwischen braunen Felsen.,"Eine dramatische Landschaft besteht aus dunklen Felsen, hellem Wasser und bewegtem Himmel. Die hellen Stellen führen den Blick vom unteren Rand in die Tiefe.",Eine helle symmetrische Blütenform steht in einem dunklen Innenraum.,"A dark rocky landscape with water and clouds fills the image. At the lower left and center, pale water or light areas sit between brown rocks.","A dramatic landscape consists of dark rocks, pale water, and moving sky. The light areas lead the eye from the lower edge into depth.",A pale symmetrical blossom form stands in a dark interior.,image_type=symbolism; source=direct_image_inspection; language=de; fit_levels=high_partial_low; prompt_repair_visual_form_human_style_2026-05-19,False
074,074.jpg,evacuation_of_an_island_0230.jpg,symbolism/evacuation_of_an_island_0230.jpg,symbolism,"Schwarze Pinselstriche liegen auf grauem Grund und ziehen schräg von links nach rechts. Die Formen wirken schnell, rau und teilweise verwischt.",Eine abstrakte Schwarz-Weiß-Komposition besteht aus breiten dunklen Strichen und hellen Zwischenräumen. Die stärkste schwarze Masse sitzt links der Mitte.,Eine braune Felslandschaft mit hellem Wasser und Wolken füllt den Raum.,"Black brushstrokes lie on a gray ground and move diagonally from left to right. The forms feel fast, rough, and partly blurred.",An abstract black-and-white composition consists of broad dark strokes and pale gaps. The strongest black mass sits left of center.,A brown rocky landscape with pale water and clouds fills the space.,image_type=symbolism; source=direct_image_inspection; language=de; fit_levels=high_partial_low; prompt_repair_visual_form_human_style_2026-05-19,False
075,075.jpg,head_of_old_woman_from_antwerp_0263.jpg,symbolism/head_of_old_woman_from_antwerp_0263.jpg,symbolism,"Eine alte Frau mit Kopftuch sitzt seitlich in einem dunklen Innenraum. Helle Tücher, Gesicht und Hände heben sich von den grauen und braunen Flächen ab.",Ein sitzendes Porträt zeigt eine verhüllte Figur in gedämpften Farben. Kopf und Schultern bilden die zentrale helle Form.,Breite schwarze Pinselstriche ziehen über grauen Grund.,"An old woman with a headscarf sits sideways in a dark interior. Pale cloths, face, and hands stand out from the gray and brown areas.",A seated portrait shows a wrapped figure in muted colors. Head and shoulders form the central pale shape.,Broad black brushstrokes move across a gray ground.,image_type=symbolism; source=direct_image_inspection; language=de; fit_levels=high_partial_low; prompt_repair_visual_form_human_style_2026-05-19,False
076,076.jpg,illustration_to_milton_s_comus_0060.jpg,symbolism/illustration_to_milton_s_comus_0060.jpg,symbolism,"Zwei stehende Figuren erscheinen in einer hellen biblischen oder symbolischen Szene; eine sitzt oder kniet links, eine helle Gestalt steht rechts. Blaue und helle Linien bestimmen den Hintergrund.","Eine Figurenkomposition zeigt eine niedrige dunklere Figur links und eine hohe helle Figur rechts. Die Szene ist weich in Blau, Weiß und Grau gehalten.",Eine alte Frau mit Kopftuch sitzt seitlich in dunklem Innenraum.,"Two standing figures appear in a pale biblical or symbolic scene; one sits or kneels on the left, while a pale figure stands on the right. Blue and pale lines define the background.","A figure composition shows a lower darker figure on the left and a tall pale figure on the right. The scene is softly held in blue, white, and gray.",An old woman with a headscarf sits sideways in a dark interior.,image_type=symbolism; source=direct_image_inspection; language=de; fit_levels=high_partial_low; prompt_repair_visual_form_human_style_2026-05-19,False
077,077.jpg,los_entering_the_grave_0066.jpg,symbolism/los_entering_the_grave_0066.jpg,symbolism,Eine dunkle gebeugte Figur steht in einem gewölbten Innenraum und hält unten eine helle Laterne oder Lichtform. Bögen und braune Linien rahmen die Figur.,Eine einzelne Figur bewegt sich in einem dunklen Tor- oder Tunnelraum. Das kleine helle Licht unten setzt den stärksten Akzent.,Zwei helle stehende Figuren befinden sich in einer offenen blauen Szene.,A dark bent figure stands in an arched interior and holds a pale lantern or light form near the bottom. Arcs and brown lines frame the figure.,A single figure moves inside a dark gate- or tunnel-like space. The small pale light at the bottom creates the strongest accent.,Two pale standing figures appear in an open blue scene.,image_type=symbolism; source=direct_image_inspection; language=de; fit_levels=high_partial_low; prompt_repair_visual_form_human_style_2026-05-19,False
078,078.jpg,ruins_in_the_moonlit_landscape_0117.jpg,symbolism/ruins_in_the_moonlit_landscape_0117.jpg,symbolism,Eine dunkle Landschaft zeigt eine helle Ruine in der Mitte unter dramatischem violettem Himmel. Kleine dunkle Figuren oder Tiere stehen im Vordergrund.,"Eine ruinöse helle Architektur liegt in einer nächtlichen Landschaft. Dunkle Bäume, Wolken und kleine Vordergrundformen rahmen das Gebäude.",Eine dunkle Figur steht in einem gewölbten Innenraum mit kleiner Laterne.,A dark landscape shows a pale ruin in the center under a dramatic violet sky. Small dark figures or animals stand in the foreground.,"A ruined pale architecture lies in a night-like landscape. Dark trees, clouds, and small foreground forms frame the building.",A dark figure stands in an arched interior with a small lantern.,image_type=symbolism; source=direct_image_inspection; language=de; fit_levels=high_partial_low; prompt_repair_visual_form_human_style_2026-05-19,False
079,079.jpg,the_balloon_0268.jpg,symbolism/the_balloon_0268.jpg,symbolism,"Eine schwarze Silhouette einer stehenden Frau hebt die Arme vor orangegelber Landschaft. Die Figur steht unten mittig, die Arme führen diagonal nach außen.",Eine dunkle Tänzerinnen- oder Frauenform steht vor warmem Sonnenuntergang. Der Körper ist fast ganz schwarz und klar gegen den gelben Hintergrund abgesetzt.,Eine helle Ruine steht in dunkler Landschaft unter violettem Himmel.,"A black silhouette of a standing woman raises her arms before an orange-yellow landscape. The figure stands at the lower center, and the arms lead diagonally outward.",A dark dancer- or woman-like form stands before a warm sunset. The body is almost entirely black and clearly separated from the yellow background.,A pale ruin stands in a dark landscape under a violet sky.,image_type=symbolism; source=direct_image_inspection; language=de; fit_levels=high_partial_low; prompt_repair_visual_form_human_style_2026-05-19,False
080,080.jpg,the_penitent_mary_magdalene_0262.jpg,symbolism/the_penitent_mary_magdalene_0262.jpg,symbolism,"Eine junge Frau mit langem hellem Haar stützt den Kopf auf die Hand vor dunklem grünlichem Hintergrund. Gesicht, Schulter und Arm bilden eine helle diagonale Gruppe.",Ein halbfiguriges Porträt zeigt eine nachdenkliche Frau mit hellem Haar. Die Haut- und Haarflächen leuchten vor dem dunklen Hintergrund.,Eine schwarze Silhouette steht mit erhobenen Armen vor orangegelber Landschaft.,"A young woman with long pale hair rests her head on her hand before a dark greenish background. Face, shoulder, and arm form a pale diagonal group.",A half-length portrait shows a thoughtful woman with pale hair. Skin and hair areas glow before the dark background.,A black silhouette stands with raised arms before an orange-yellow landscape.,image_type=symbolism; source=direct_image_inspection; language=de; fit_levels=high_partial_low; prompt_repair_visual_form_human_style_2026-05-19,False
